timestamp,part_id,temperature_1_max,temperature_1_min,temperature_1_std,temperature_2_max,temperature_2_min,temperature_2_std,temperature_3_max,temperature_3_min,temperature_3_std,temperature_4_max,temperature_4_min,temperature_4_std,label,original_row,temperature_1,temperature_2,temperature_3,temperature_4
2024-02-15 05:49:37+05:30,2124077390649042,494.2,436.9,17.794520616103206,477.5,421.7,17.61024195583625,580.2,533.1,15.990614345785364,545.0,509.0,11.474971745075738,0,303,465.33223684210526,454.49769736842103,561.814802631579,525.3526315789474
2024-02-15 05:54:46+05:30,2124077390829042,494.5,439.6,17.757540713032576,477.5,425.1,17.242911618771302,580.3,533.6,16.05654430613412,548.2,512.0,11.595939769957806,0,612,465.626213592233,454.6595469255664,561.0155339805825,527.5158576051781
2024-02-15 06:00:11+05:30,2124077390979042,494.2,437.7,18.19705683600723,476.4,422.2,17.890360336573984,581.3,531.6,17.250755106860833,547.3,508.3,12.263752533822027,0,937,463.95076923076925,452.379076923077,560.0876923076924,526.4058461538461
2024-02-15 06:05:18+05:30,2124077391129042,495.1,436.0,18.21706641011134,477.8,419.8,18.12736140785509,579.1,528.4,16.98461536503453,545.4,510.3,11.176051580527748,0,1244,465.6241042345277,454.2250814332248,558.9097719869707,525.828338762215
2024-02-15 06:15:43+05:30,2124077391439042,495.3,438.0,18.235123336837926,474.8,424.0,16.949354527744834,576.8,529.0,16.528004260593825,545.5,510.3,11.144551636142202,0,1557,465.5833865814696,452.10734824281144,555.94089456869,525.6581469648562
2024-02-15 06:25:55+05:30,2124077391769042,494.2,438.9,17.807542984479632,473.0,421.6,16.83916996672486,578.2,530.4,15.962527456104354,547.1,511.2,11.48906803054653,0,1862,465.39016393442625,450.49278688524595,558.4596721311476,526.8
2024-02-15 06:32:31+05:30,2124077391929042,494.2,427.6,20.828925680270842,475.0,407.2,21.795439704653628,582.3,520.6,20.910567581818192,547.0,508.1,11.485881136315157,0,2258,457.9742424242424,444.0914141414142,555.6227272727272,524.8886363636364
2024-02-15 06:37:57+05:30,2124077392129042,492.2,426.1,20.068065573826814,464.8,405.3,18.551020298875915,572.3,518.6,18.430932964668088,538.6,506.0,10.163225015162503,0,2584,460.4791411042945,439.31411042944785,548.3015337423312,519.070245398773
2024-02-15 06:43:06+05:30,2124077392289042,492.8,431.6,18.865169873240905,469.0,409.1,18.31019392502141,573.5,516.3,18.45307540461401,541.4,507.7,10.777640101764266,0,2893,463.1029126213593,444.69644012944985,550.4313915857605,521.4116504854369
2024-02-15 06:48:12+05:30,2124077392449042,492.9,434.9,18.26986046920834,469.0,415.8,17.06083902143414,574.8,522.0,17.320709819243884,544.1,509.8,11.175938037637284,0,3199,463.64575163398683,446.2918300653594,553.0160130718955,523.887908496732
2024-02-15 06:53:19+05:30,2124077392629042,493.7,435.9,18.220686244175965,472.0,417.7,17.26073749608308,574.8,524.7,16.854984504607877,543.9,508.7,11.260278569104457,0,3506,464.4094462540717,448.9690553745928,553.54332247557,524.4833876221498
2024-02-15 06:58:24+05:30,2124077392779042,494.6,437.1,17.99490465102503,475.9,420.1,17.550583710171317,575.0,524.9,16.838870885305106,546.1,510.7,11.399636496482742,0,3811,465.61770491803287,452.9655737704918,553.9111475409836,525.9744262295083
2024-02-15 07:03:43+05:30,2124077392919042,495.3,438.7,18.24253279995283,478.9,423.6,18.213184437119974,578.2,525.3,17.550952145569322,546.2,509.0,11.825023833359896,0,4130,465.2326018808778,454.51504702194364,556.6228840125392,525.5974921630094
2024-02-15 07:08:57+05:30,2124077393099042,494.2,437.0,18.243881965111367,473.6,422.2,17.174273531462976,577.8,526.7,17.125247640663023,545.6,510.1,11.194241125261012,0,4444,464.61146496815286,450.5678343949044,556.396178343949,525.5955414012739
2024-02-15 07:19:17+05:30,2124077393449042,495.8,436.1,18.4417404310391,479.5,420.1,18.333713629806475,578.2,525.3,17.25739764622208,544.7,509.6,11.175996679959532,0,4751,466.1781758957655,455.69348534201964,558.0100977198696,525.157980456026
2024-02-15 07:24:24+05:30,2124077393609042,494.6,439.1,17.72440360609509,475.9,425.9,16.552283833487138,579.1,530.2,16.438613729031758,544.8,509.6,11.329267423604161,1,5058,465.7247557003257,453.55537459283386,559.3892508143323,525.0465798045603
2024-02-15 07:29:31+05:30,2124077393759042,495.9,438.8,18.06033283725459,477.0,424.2,17.04040772122587,578.2,530.9,16.288919774219398,545.7,510.0,11.397945243637944,0,5365,466.42280130293153,454.65439739413677,558.0524429967427,525.8475570032574
2024-02-15 07:34:41+05:30,2124077393919042,495.7,439.4,17.785173707332156,478.1,425.2,17.235716518207838,578.7,529.3,16.570761908386995,545.2,508.6,11.650748651853174,0,5675,466.77677419354836,455.3687096774193,558.7422580645161,525.3951612903226
2024-02-15 07:42:03+05:30,2124077394069042,494.7,437.4,18.430712104110192,472.9,402.8,22.0175706345798,579.5,504.2,24.09769610848599,549.7,512.8,9.994463322432917,0,6117,458.73167420814485,440.10271493212673,546.7574660633485,527.7106334841629
2024-02-15 07:52:16+05:30,2124077394399042,491.6,434.6,18.467942110366177,467.8,409.5,18.288891193274804,577.4,521.0,18.282532062026274,539.7,492.2,13.238167088263014,0,6427,461.7009677419355,443.5483870967742,555.5529032258064,515.0796774193549
2024-02-15 07:57:19+05:30,2124077394559042,490.4,431.7,18.184544711994644,473.7,414.3,18.387478741449247,577.2,527.0,16.747981576675524,544.9,508.8,11.57869263327053,0,6730,461.30396039603954,449.4623762376237,556.7683168316831,524.1983498349836
2024-02-15 08:02:22+05:30,2124077394689042,491.8,435.3,17.673466881178513,476.5,420.6,17.70770329837907,580.0,528.8,16.762587184412514,549.9,512.0,12.164103917888646,0,7033,463.04587458745874,453.2874587458745,560.9775577557756,527.5270627062706
2024-02-15 08:07:30+05:30,2124077394819042,492.8,437.0,17.714567854537787,473.2,423.6,16.62620206790603,576.9,531.9,15.373658549430148,544.6,506.7,12.149033177549668,0,7341,463.65681818181815,451.03636363636366,557.5172077922077,524.6798701298701
2024-02-15 08:12:34+05:30,2124077394989042,494.1,437.4,17.94178107497307,478.5,421.6,17.856933661582648,579.7,528.4,16.859341344429925,547.4,511.3,11.701357387051141,0,7645,465.1378289473684,455.1266447368421,560.1809210526316,526.3240131578947
2024-02-15 08:17:41+05:30,2124077395119042,493.2,438.1,17.42849648194748,481.0,425.8,17.600303938540463,581.2,532.7,16.314062176028237,544.5,506.1,12.293164087804628,0,7952,464.5254071661237,457.54332247557,562.1403908794788,524.2263843648209
2024-02-15 08:22:47+05:30,2124077395259042,494.3,438.7,17.718542142883283,478.6,427.1,16.903088629855734,580.6,534.4,15.815063014438111,547.3,511.9,11.351003658084988,0,8258,465.1908496732026,455.9601307189542,561.5339869281047,526.39477124183
2024-02-15 08:27:53+05:30,2124077395409042,494.1,438.9,17.681456870644645,474.8,426.1,16.26906744907963,580.2,533.4,16.07414474299957,544.5,506.2,12.30564992771924,1,8564,464.94901960784324,453.24575163398697,560.6274509803923,524.7290849673202
2024-02-15 08:38:02+05:30,2124077395679042,492.1,439.1,17.071540127133762,474.6,426.0,16.30633368109055,577.5,533.2,15.430496344214529,544.3,506.4,12.166794574047639,0,8869,463.95508196721306,452.9518032786885,557.8911475409835,524.4750819672131
2024-02-15 08:43:07+05:30,2124077395819042,493.4,437.7,17.629937715134357,477.1,423.6,17.22882572713973,580.6,529.9,16.626023955310355,545.8,510.1,11.41457705990143,0,9174,464.5603278688524,454.5055737704918,561.775737704918,525.3521311475411
2024-02-15 08:53:22+05:30,2124077396159042,493.3,438.4,17.74329786318541,474.4,423.6,16.814237881666433,580.3,531.6,16.601793660680418,548.5,511.5,11.93989633175457,0,9482,464.00844155844146,451.8480519480519,560.8405844155844,526.7155844155844
2024-02-15 08:59:55+05:30,2124077396289042,492.0,437.1,16.46459101159842,474.4,413.4,19.617599507660355,576.4,511.7,20.278516221058823,544.3,504.4,11.425426946090539,0,9875,460.4284987277354,445.95012722646317,548.6083969465649,523.5709923664122
2024-02-15 09:04:56+05:30,2124077396469042,501.2,446.0,17.89418620360418,470.7,410.6,17.959241487804427,566.8,508.8,18.12440078056334,538.9,500.7,12.17581691747923,0,10176,472.4717607973422,447.8455149501661,543.8335548172757,520.3637873754154
2024-02-15 09:10:01+05:30,2124077396599042,494.9,440.5,17.65703144005915,474.0,421.2,16.91379564022954,578.2,519.3,18.65314320724318,550.8,511.7,12.512667722653406,0,10481,466.11803278688524,451.38196721311476,556.7957377049181,526.1186885245901
2024-02-15 09:20:11+05:30,2124077396869042,493.3,438.3,17.72814920368015,475.4,421.2,17.338218469547535,581.0,530.7,16.542831115389998,551.5,512.7,12.557828091605732,1,10785,464.44276315789466,452.7368421052632,562.389144736842,528.0671052631578
2024-02-15 09:35:23+05:30,2124077397299042,492.3,437.9,17.28079493571946,476.1,426.9,16.213565346131652,579.0,529.4,16.317318903953108,544.1,504.0,13.017609547416559,1,11089,464.05098684210526,454.9263157894737,559.4953947368422,523.6861842105264
2024-02-15 09:45:32+05:30,2124077397569042,492.3,437.2,17.368097758905474,473.1,424.6,15.972408489774406,579.3,534.5,15.440695703594857,542.3,500.0,13.957489022191124,0,11393,463.9101973684211,452.227302631579,561.5848684210526,522.2832236842105
2024-02-15 10:04:45+05:30,2124077397979042,493.1,405.7,24.33510167934881,474.9,383.3,27.962558829923104,581.1,477.6,29.920346218096483,545.2,495.2,11.761996744123921,0,11933,447.1868518518518,432.17648148148146,541.6949999999999,519.5594444444444
2024-02-15 10:14:41+05:30,2124077398399042,498.9,439.8,18.063971824105817,465.1,406.0,17.92997804127991,568.1,506.4,19.438485470528722,536.3,456.7,24.50072096766907,0,12235,470.9837748344371,441.8973509933775,544.6152317880794,500.98410596026486
2024-02-15 10:19:43+05:30,2124077398529042,490.5,435.9,17.45376569016176,471.0,415.1,17.652264069781232,573.5,518.7,17.772559878166135,543.5,504.0,12.550417072414684,0,12537,462.2503311258279,447.8827814569536,552.3059602649006,518.6708609271524
2024-02-15 10:24:46+05:30,2124077398679042,490.6,434.2,17.699059929858336,474.9,418.7,17.667858842314526,576.7,525.3,16.93810830107163,544.0,507.8,11.49349045418151,0,12840,461.5181518151815,451.4508250825083,556.8227722772277,523.2501650165016
2024-02-15 10:29:56+05:30,2124077398819042,491.0,436.1,17.41351569514973,474.7,422.9,16.973778986629966,575.1,529.6,15.731228574351814,542.6,506.3,11.335085890605583,0,13150,462.3122580645162,451.8512903225806,555.2590322580646,523.0016129032258
2024-02-15 10:36:17+05:30,2124077398959042,489.5,436.8,17.112007087794552,472.2,410.4,19.47902457510562,576.4,514.1,20.134886071308483,543.2,506.2,10.405436159599537,0,13531,457.9700787401575,444.0183727034121,549.7900262467192,523.1178477690289
2024-02-15 10:41:22+05:30,2124077399159042,493.6,438.5,17.60211797373674,466.5,407.8,17.974353631812452,571.4,510.8,19.002563828428375,540.1,501.9,12.342796399147952,0,13836,465.3340983606558,442.90885245901643,548.3770491803278,521.6659016393443
2024-02-15 10:51:31+05:30,2124077399299042,492.4,436.9,17.45484020586325,475.1,415.4,17.496871434729606,576.3,523.1,17.049192960631586,545.1,504.1,11.721365680918153,0,14445,463.9218390804598,449.6407224958948,555.3072249589491,522.8193760262726
2024-02-15 10:56:36+05:30,2124077399609042,494.1,438.2,17.704684971243488,478.8,423.1,17.475682920243898,575.0,529.6,15.73805706719275,546.6,508.3,12.1488608295769,0,14750,465.1957377049181,456.20360655737704,555.8914754098361,523.987868852459
2024-02-15 11:01:41+05:30,2124077399739042,490.1,438.9,16.892918901610624,469.3,422.9,15.223041065847964,576.0,527.4,16.210001532943032,541.8,503.7,12.226851859117888,0,15055,462.4668852459016,448.5409836065574,556.4518032786884,521.7668852459017
2024-02-15 11:06:46+05:30,2124077399859042,491.6,436.4,17.30405245119831,477.6,420.2,17.704360737641988,576.1,528.8,15.983699769644799,542.8,506.4,11.59387963892877,0,15360,463.5308196721312,454.5891803278689,557.0327868852459,522.7209836065574
2024-02-15 11:11:50+05:30,2124077400009042,490.3,437.9,16.997993293036064,472.2,424.7,15.963680551545137,577.3,529.2,15.935210894097409,542.4,505.6,11.715243587801389,0,15664,462.54375,450.7394736842105,559.1467105263158,522.6055921052632
2024-02-15 11:22:04+05:30,2124077400169042,492.5,436.7,17.629237557851372,473.8,421.3,16.834792648832373,578.6,532.7,15.496378162536942,546.1,501.9,12.544187512738558,0,16278,462.75488599348535,451.10814332247554,560.9946254071662,523.6425081433225
2024-02-15 11:33:14+05:30,2124077400569042,490.1,432.0,18.60448898483571,473.1,412.5,19.44521798886173,578.0,525.1,18.081532491778507,544.3,506.6,11.22658127174213,0,16643,457.8424657534247,445.60794520547944,554.8728767123288,523.342191780822
2024-02-15 11:38:20+05:30,2124077400709042,491.2,431.0,17.99549664787158,472.0,410.2,18.464923627945986,574.4,523.0,16.965102179276258,540.3,504.7,11.1126922270511,0,16949,462.6702614379085,448.5199346405229,553.9758169934639,520.5173202614378
2024-02-15 11:48:34+05:30,2124077400829042,492.5,437.8,17.18154871702022,476.7,421.1,17.09379142894594,576.6,527.0,16.264853362701153,543.2,505.4,11.650656397874375,0,17563,463.2364820846906,453.4257328990228,556.4835504885992,522.2017915309447
2024-02-15 11:53:41+05:30,2124077401039042,491.9,436.1,17.531062296351337,477.9,424.9,16.871229926269567,571.2,525.3,15.29478896553758,541.4,505.0,11.564747320911868,0,17870,463.2570032573291,456.1273615635179,551.8325732899023,521.9091205211727
2024-02-15 12:09:01+05:30,2124077401419042,491.6,435.6,17.623543144204955,471.6,420.4,16.536175783284083,574.9,523.8,16.758244159582212,543.9,506.4,11.970768403133581,0,18177,462.7442996742671,449.86840390879473,555.1628664495114,522.6586319218242
2024-02-15 12:14:09+05:30,2124077401559042,489.7,436.7,17.032908214529773,472.4,421.1,16.725107620095027,574.4,528.0,15.659162632114656,543.1,505.8,11.822694139010718,0,18485,462.0477272727273,450.26590909090896,555.4883116883118,522.7733766233765
2024-02-15 12:19:16+05:30,2124077401719042,490.2,436.0,17.32460594692654,472.3,421.0,16.57906117431135,575.7,528.6,15.934770238597634,542.1,504.4,12.011418557690307,0,18792,462.05374592833874,450.357003257329,557.0306188925082,522.1117263843648
2024-02-15 12:24:27+05:30,2124077401849042,492.1,436.0,17.91336934719855,477.0,421.7,17.37399214186977,575.4,529.1,16.071965076007928,545.1,507.6,11.899318646659792,0,19103,463.00225080385854,454.4778135048232,556.1260450160772,523.8270096463023
2024-02-15 12:29:35+05:30,2124077401989042,490.0,436.2,17.21206855206863,475.4,424.9,16.713286587609986,574.5,527.4,15.887707508086725,542.2,504.3,12.063508390882783,0,19411,462.01525974025975,453.26688311688315,555.4418831168831,522.2415584415584
2024-02-15 12:34:45+05:30,2124077402129042,492.2,436.5,17.575552222103592,477.6,423.5,17.2542040006124,574.3,528.2,16.062022118849285,543.7,507.1,11.646052430623369,0,19721,463.1464516129033,455.0909677419355,555.0761290322582,523.28
2024-02-15 12:45:01+05:30,2124077402399042,490.7,435.7,17.309594947287113,474.4,423.4,16.492469554965385,572.5,526.0,16.02776715596908,540.7,503.9,11.760952432901565,1,20028,462.59315960912056,452.8775244299675,552.8830618892507,520.9547231270359
2024-02-15 12:55:19+05:30,2124077402699042,491.0,436.3,17.463649243132195,473.6,422.6,16.587763698272585,572.8,523.8,16.43527256664556,540.3,501.9,12.306295204152478,0,20337,462.716504854369,451.8889967637541,552.9126213592233,520.2009708737863
2024-02-15 13:05:39+05:30,2124077402999042,490.7,435.8,17.51228125077851,474.3,422.4,16.804497572928515,571.5,525.9,15.757060095343048,540.2,503.2,11.658140566519487,0,20648,462.111575562701,452.29260450160774,552.0379421221865,520.3681672025723
2024-02-15 13:10:47+05:30,2124077403149042,490.4,436.1,17.437207461299376,472.6,422.9,16.37727860336961,571.4,523.8,16.11599487568005,540.6,504.2,11.545381111671821,0,20956,462.28928571428565,451.0623376623376,551.592857142857,520.6438311688312
2024-02-15 13:26:01+05:30,2124077403309042,491.8,436.3,17.227290206263156,477.0,422.3,16.645351474297296,572.1,523.7,15.724087021115299,541.5,500.2,11.883829071210425,0,21870,462.9387308533917,453.9221006564552,552.2750547045952,519.9605032822757
2024-02-15 13:31:04+05:30,2124077403739042,489.3,436.2,16.895928951737943,473.7,425.0,15.86669500431569,570.2,523.6,15.615478576021147,539.6,504.8,11.138672856462767,0,22173,461.4749174917492,452.97227722772277,550.9419141914192,519.53300330033
2024-02-15 13:36:09+05:30,2124077403899042,489.3,436.2,17.262420826125666,472.0,424.7,15.95666184267079,572.6,524.6,15.871988018737735,537.7,498.2,12.759297689282409,0,22478,461.0455737704919,450.8540983606557,553.447868852459,517.8803278688524
2024-02-15 13:42:25+05:30,2124077404039042,488.3,430.3,18.61158039371652,472.1,411.6,19.3921854243382,567.7,515.5,17.34774806854323,540.0,505.1,10.314764959523448,0,22854,455.37207446808515,444.8135638297872,542.7369680851064,518.8829787234042
2024-02-15 13:52:36+05:30,2124077404349042,491.2,438.1,17.248499028119436,472.9,421.7,16.604152299889606,571.8,514.8,17.961230117022954,533.3,489.0,12.655599183034445,0,23159,462.78983606557387,450.3554098360656,551.1770491803279,510.0596721311476
2024-02-15 13:57:43+05:30,2124077404479042,490.0,435.7,17.119637105459905,476.4,421.1,17.30139331377761,572.6,525.8,15.89280674157513,539.2,504.9,10.913143377980854,0,23466,462.2071661237785,453.95700325732906,553.1550488599349,519.6990228013029
2024-02-15 14:02:47+05:30,2124077404639042,491.1,437.2,17.151865351615587,473.8,424.8,16.05642262621647,572.3,524.9,15.969752096444278,539.4,502.8,11.608711288664551,0,23770,462.8878289473685,452.81019736842103,552.7703947368421,519.8506578947367
2024-02-15 14:07:56+05:30,2124077404809042,491.1,437.5,17.348027172519195,477.5,424.3,17.08866393138627,574.5,525.4,16.47833765082339,542.5,507.0,11.293554392809705,0,24079,462.80873786407767,455.1003236245955,554.8977346278317,522.2407766990291
2024-02-15 14:13:02+05:30,2124077404969042,489.7,437.1,17.25736950738346,474.2,425.5,16.36614170278103,572.3,527.4,15.2571430383721,541.3,502.9,12.354067969405564,0,24385,461.35098039215694,452.3692810457516,553.057843137255,521.4954248366013
2024-02-15 14:18:07+05:30,2124077405109042,489.6,435.1,17.20369212258913,472.3,422.9,16.203429031577336,572.9,526.2,15.610299524707349,541.7,506.2,11.298887928511046,0,24690,461.7865573770492,450.8937704918033,553.5383606557377,522.0000000000001
2024-02-15 14:23:19+05:30,2124077405249042,490.1,436.4,17.348176984402908,476.5,422.4,17.389839121114864,570.8,526.0,15.284457104796855,546.2,508.9,11.836597305028093,1,25002,461.7855769230769,453.61089743589747,550.3057692307692,524.9035256410256
2024-02-15 14:28:24+05:30,2124077405409042,487.8,435.3,17.23382331612629,468.8,421.2,15.90938959570807,575.1,523.2,16.643253490703795,540.6,499.9,13.292190330058167,0,25307,459.71016393442625,447.39737704918036,555.9354098360656,520.7695081967214
2024-02-15 14:38:36+05:30,2124077405729042,488.2,435.8,17.064005213989308,472.3,421.8,16.443757617452764,576.6,531.8,15.563242296679688,541.7,500.4,13.499672462712482,0,25612,460.2360655737705,450.68360655737706,558.4160655737705,521.4652459016394
2024-02-15 14:48:51+05:30,2124077406049042,491.9,435.6,17.554513062771225,478.8,421.7,17.356476472861672,574.2,529.7,15.390399381958563,543.6,503.6,12.978946805733974,0,25919,463.3928338762215,456.6416938110749,555.2299674267101,522.8237785016287
2024-02-15 14:53:59+05:30,2124077406209042,490.7,438.2,16.985201689749633,474.2,426.9,15.826207808234019,575.9,526.8,16.210138661822395,543.6,506.8,11.746137972352265,0,26227,463.1110389610389,453.1915584415584,556.8600649350649,522.7512987012987
2024-02-15 14:59:07+05:30,2124077406409042,490.5,437.5,17.461877326860716,474.9,424.1,16.426559937424752,575.8,529.9,15.865743286669419,542.1,502.8,12.658145436113674,0,26535,461.887012987013,453.4314935064935,556.9431818181819,521.7428571428571
2024-02-15 15:04:14+05:30,2124077406609042,490.0,435.9,17.218440502014435,477.4,424.8,16.780840709947103,575.6,528.4,15.970880030949363,543.8,507.0,11.792510890734338,0,26842,462.0293159609121,455.6814332247557,556.4032573289902,523.04332247557
2024-02-15 15:09:21+05:30,2124077406789042,490.6,436.8,17.062863393626007,476.1,426.7,16.272133605561354,576.3,528.7,16.007584046760932,543.2,503.9,12.658687453953755,1,27149,462.4,454.8045602605863,557.5944625407166,522.5586319218241
2024-02-15 15:14:22+05:30,2124077406969042,488.3,436.7,16.559498731185325,477.2,424.9,16.600500732951332,577.4,529.5,15.86273227042102,543.9,507.2,11.769562636358362,0,27450,461.4013289036545,455.7734219269104,559.0049833887043,523.413953488372
2024-02-15 15:24:36+05:30,2124077407239042,491.4,437.5,17.340741443532988,480.7,426.3,17.278703747517866,578.3,532.3,15.526399987292727,545.5,508.2,11.811336525951786,0,27760,462.9596774193548,458.3370967741935,560.478064516129,524.6716129032259
2024-02-15 15:29:42+05:30,2124077407399042,488.2,436.8,16.854676210084577,473.7,427.0,15.847543208227371,579.4,533.1,15.56344762106512,543.9,504.2,12.726158928590852,0,28066,460.3601307189543,452.5261437908497,561.7133986928104,523.0787581699345
2024-02-15 15:47:11+05:30,2124077407899042,488.4,434.0,17.458047578844205,469.5,414.3,17.333135167499616,571.6,521.0,16.867002526884768,532.7,493.9,11.322414299687612,0,28372,459.88235294117646,446.9127450980392,550.8290849673203,511.65
2024-02-15 15:52:16+05:30,2124077408039042,485.5,432.5,16.808950742527358,470.6,418.5,16.827012614767135,575.4,523.4,16.87710551208112,540.0,504.4,11.301560991542562,0,28677,457.91803278688525,448.3986885245901,556.3226229508198,519.9740983606557
2024-02-15 15:57:25+05:30,2124077408149042,486.7,433.1,17.134712443725086,471.9,419.6,16.996488007514525,577.5,530.6,15.927660929200394,543.6,507.0,11.623657283729715,0,28986,458.5750809061489,449.4407766990292,559.2708737864077,522.9708737864078
2024-02-15 16:05:05+05:30,2124077408279042,487.6,421.2,18.535576685379425,476.4,393.2,25.45422264682492,577.6,481.5,28.75753898790215,543.0,503.3,10.9580646479151,0,29446,451.2093478260869,439.39065217391305,543.0071739130434,520.74
2024-02-15 16:14:57+05:30,2124077408619042,475.1,419.7,17.8344277333475,460.6,412.9,15.703240251169976,566.3,510.9,17.865469119612225,549.6,497.9,17.764385688947424,0,29750,446.53421052631586,439.28026315789475,543.6661184210526,521.1743421052631
2024-02-15 16:25:11+05:30,2124077408899042,484.3,427.9,17.58507498880465,466.7,416.2,16.600847405891226,571.2,523.7,15.934690108488082,551.2,508.0,14.27410995566073,0,30057,455.61302931596094,444.5016286644951,551.0322475570033,524.6231270358306
2024-02-15 16:30:17+05:30,2124077409029042,485.9,430.4,17.38063554083333,465.8,416.1,16.329308919776512,572.6,524.5,16.010206551172523,552.1,508.5,14.086289832114408,0,30363,457.4,444.0235294117646,553.2869281045752,526.3088235294117
2024-02-15 16:44:17+05:30,2124077409189042,486.4,350.8,39.81609171448111,464.6,333.4,40.843512726857924,573.0,407.7,52.35389349864379,549.1,442.6,27.917557471896835,0,31203,414.71750000000003,396.9259523809524,497.76154761904763,499.6325
2024-02-15 16:59:20+05:30,2124077409889042,477.0,416.8,18.995181584427314,443.5,383.1,18.215434295999906,550.9,489.8,19.58825890057164,520.9,484.5,11.411992116359357,0,31508,447.28327868852466,418.98622950819674,525.6245901639344,498.0186885245902
2024-02-15 17:04:25+05:30,2124077410049042,478.3,418.5,18.364218782531047,452.4,392.7,18.47090261814252,560.8,498.5,19.798241341703342,532.6,493.5,12.424668198922731,0,31813,449.1845901639344,427.623606557377,536.6918032786886,507.93868852459025
2024-02-15 17:15:34+05:30,2124077410409042,487.7,428.6,17.996284397554547,461.2,394.6,19.430430398907482,561.8,497.0,19.98650832312053,528.2,494.8,10.537363585377692,0,32115,459.02748344370855,436.2059602649007,537.65,511.04437086092713
2024-02-15 17:20:46+05:30,2124077410589042,486.9,432.8,17.534698671920385,467.3,409.5,18.375523364316017,568.1,513.1,17.998356134457076,540.4,502.8,12.102768570448362,0,32427,458.201282051282,442.461858974359,545.813141025641,516.3733974358975
2024-02-15 17:25:51+05:30,2124077410739042,486.9,430.5,17.525195759554265,468.0,411.6,17.81250873484187,567.1,516.5,17.005499174003447,539.5,502.3,11.45745170295092,0,32732,458.78065573770493,444.5111475409836,545.8275409836066,517.6924590163935
2024-02-15 17:30:56+05:30,2124077410899042,486.2,433.3,17.077211401941746,466.4,415.3,16.980924167754434,570.6,517.7,17.149832297808864,542.4,504.5,11.871595629353504,0,33037,458.3940983606557,443.6780327868853,550.482950819672,519.5203278688525
2024-02-15 17:41:05+05:30,2124077411049042,486.8,431.5,17.046172329201358,468.0,413.3,17.038880658934477,570.8,522.6,15.942951165294264,544.3,505.4,11.853260044388183,0,33646,458.69195402298857,443.3128078817734,550.4665024630541,521.6932676518883
2024-02-15 17:51:19+05:30,2124077411499042,487.1,433.3,17.23080209299333,467.7,415.7,16.761847457796737,571.0,519.0,17.00879164131003,540.5,504.8,11.14247120622422,0,33951,459.11770491803276,445.41836065573773,550.6626229508197,520.416393442623
2024-02-15 18:01:29+05:30,2124077411839042,485.4,431.1,17.32075212152232,465.8,413.4,16.850144450112175,574.1,528.0,15.657745638822904,543.7,506.8,11.421066440054002,0,34256,457.3236065573771,443.29934426229516,555.6268852459017,522.6249180327869
2024-02-15 18:13:45+05:30,2124077412149042,483.7,426.6,18.138636614998177,463.1,398.7,20.516585314782688,569.2,501.6,21.28433794711909,537.5,503.2,9.68694393820055,0,34648,450.7563775510204,432.7295918367347,539.676275510204,518.0599489795918
2024-02-15 18:19:40+05:30,2124077412389042,486.9,428.3,18.726509788397237,459.0,396.0,19.754045219609935,563.2,498.5,20.867944320967965,529.4,493.6,10.716102347707293,0,35003,454.71323943661974,430.5935211267606,534.9276056338027,510.9743661971831
2024-02-15 18:25:12+05:30,2124077412609042,488.8,432.7,18.271430903866804,460.4,399.7,18.615022635523044,560.7,503.4,18.72820264929657,533.4,500.8,9.762596494857629,0,35335,458.3969879518072,434.97319277108426,535.4822289156626,514.1542168674699
2024-02-15 18:35:18+05:30,2124077412939042,485.5,431.0,17.216640388607384,464.7,411.2,17.058156338220435,569.9,518.9,16.81448785204779,543.4,506.2,11.824448736314611,0,35638,457.8825082508251,442.040594059406,548.8468646864687,520.4280528052806
2024-02-16 12:18:20+05:30,2124077444919042,474.5,412.4,20.468086448369657,423.5,356.6,18.954441412170603,501.9,443.7,18.414185405233056,485.4,449.7,11.429115391468232,1,35945,442.0071661237785,397.79934853420195,477.99446254071665,462.9052117263843
2024-02-16 12:24:41+05:30,2124077445119042,472.9,406.2,21.752652365375067,435.8,365.8,22.639611258320905,520.1,452.7,22.589960453771102,495.1,455.7,11.5252002369951,0,36326,435.01942257217854,401.844094488189,487.6015748031496,469.51837270341207
2024-02-16 12:29:48+05:30,2124077445349042,470.5,405.3,17.19308063977612,424.3,363.5,18.777244910901494,518.4,456.7,19.810519150404343,494.4,460.7,11.187729289996287,0,36633,446.41009771986967,397.9498371335505,492.57947882736164,472.36710097719873
2024-02-16 12:34:54+05:30,2124077445539042,488.2,426.9,18.62749235813977,430.4,369.1,19.17191652837125,524.9,464.7,19.35846054700147,507.6,468.1,12.72987807398094,0,36939,458.7352941176471,403.5065359477124,500.08006535947715,482.84248366013077
2024-02-16 12:40:01+05:30,2124077445689042,476.6,415.4,19.049553889677107,434.2,373.1,19.46009802791913,531.5,471.7,19.270180141059416,510.5,471.9,12.246675789493052,0,37246,446.48534201954396,406.73485342019546,506.7247557003257,487.8244299674266
2024-02-16 12:45:07+05:30,2124077445849042,472.2,413.4,18.872015559676946,436.5,375.5,19.1901857573357,531.6,478.5,17.909625475350108,508.3,472.0,11.622252166403861,0,37552,441.81928104575167,409.85032679738555,507.9980392156863,487.70294117647063
2024-02-16 12:50:09+05:30,2124077446009042,472.4,413.4,18.98916169172343,434.4,378.7,18.026693374009888,536.5,478.5,18.903292025651346,512.2,474.3,12.241101979685443,0,37854,442.1798013245033,409.31688741721854,512.6059602649007,489.9973509933775
2024-02-16 12:55:15+05:30,2124077446209042,470.6,412.9,18.43794850102919,439.9,379.1,19.28844654854508,538.9,483.0,18.608976843965827,512.0,474.3,12.073761089514448,0,38160,440.75620915032675,413.2434640522876,515.2761437908497,490.65686274509807
2024-02-16 13:01:16+05:30,2124077446369042,470.6,412.6,19.06166035140738,440.3,377.2,20.671720411636144,541.5,477.8,20.983216618413834,513.3,476.1,11.134022390915863,0,38521,437.15069252077564,409.794459833795,512.9540166204987,491.4318559556787
2024-02-16 13:06:22+05:30,2124077446579042,473.8,415.0,18.950409548931045,430.2,374.4,17.366053350069574,537.3,474.7,19.659573932535487,508.9,472.3,11.581843959573574,0,38827,443.3032679738562,405.9467320261438,512.380065359477,490.0977124183007
2024-02-16 13:11:28+05:30,2124077446709042,471.7,414.0,18.557091649488545,439.2,378.3,18.902952227479968,539.9,485.5,18.054842189173122,514.9,477.6,11.947142542727432,0,39133,441.85228758169933,413.1222222222222,516.3418300653594,492.54444444444437
2024-02-16 13:24:50+05:30,2124077446869042,472.2,375.7,26.528682912820756,440.4,329.6,32.95741883386779,542.9,429.0,32.87456677466985,515.0,458.4,13.387009849653417,0,39935,413.6506234413965,378.420698254364,484.2704488778055,486.1985037406484
2024-02-16 13:46:08+05:30,2124077447779042,466.7,408.4,19.465499785940704,441.1,375.3,21.160126434727697,535.6,469.8,21.436285289669307,508.0,472.1,10.77391905775826,0,40308,432.4571045576408,409.3571045576408,505.2179624664879,485.6922252010724
2024-02-16 13:51:14+05:30,2124077448029042,469.4,409.4,19.103303652407533,436.5,372.8,19.14945471213193,533.3,467.1,20.499818202631477,505.1,471.4,10.562612007474458,1,40614,439.60718954248364,410.8124183006536,507.75522875816995,486.4401960784314
2024-02-16 14:02:00+05:30,2124077448359042,470.6,409.8,19.023874695628958,441.2,378.8,19.095146634194027,536.5,477.6,18.995826120991627,507.2,471.8,11.194931992197896,0,40921,440.6221498371336,415.5866449511401,512.2179153094462,488.5990228013029
2024-02-16 14:12:22+05:30,2124077448709042,468.9,411.1,18.603813780366163,436.6,383.8,17.025940214902548,541.7,484.2,18.56427881659519,514.0,477.4,11.502977500399275,0,41227,439.2401960784314,413.4232026143791,518.5447712418301,493.2993464052287
2024-02-16 14:17:56+05:30,2124077448909042,469.1,411.4,18.73497987876913,442.5,385.4,19.070650740333416,542.8,489.0,18.272155749872642,516.8,478.7,11.603467603716158,0,41561,437.8140718562874,415.68622754491014,518.6940119760478,494.5895209580839
2024-02-16 14:23:02+05:30,2124077449099042,471.1,412.8,18.46494818501828,444.4,383.0,18.80600705122588,543.0,485.6,18.657937470829427,512.0,474.0,12.211328014435546,0,41867,441.61666666666673,419.79934640522873,520.0196078431371,493.1111111111111
2024-02-16 14:29:10+05:30,2124077449259042,469.7,414.2,18.46582193646209,445.7,383.4,20.135399685729787,544.3,482.3,20.198923129756807,516.3,479.0,10.902685170971859,0,42235,436.8347826086956,416.30625000000003,516.9540760869565,494.3937499999999
2024-02-16 14:35:44+05:30,2124077449479042,471.3,400.2,21.78570436310965,442.1,370.9,22.731559167333025,535.4,465.8,22.018132567024455,507.4,468.2,12.328174409945795,0,42629,434.26573604060917,408.9401015228426,504.02030456852793,487.2378172588833
2024-02-16 14:40:53+05:30,2124077449679042,461.0,397.6,17.12759407617759,426.3,368.5,18.1424201037406,530.1,462.4,20.999899715163036,499.8,467.8,10.259298380155323,0,42938,437.06537216828485,400.95598705501624,503.59514563106796,480.3543689320388
2024-02-16 14:46:02+05:30,2124077449869042,482.5,424.0,18.32678395603164,435.3,372.7,19.046867706254936,536.9,477.5,19.069288537046273,504.9,470.8,10.797439361235195,1,43247,453.15210355987057,409.76084142394825,512.7385113268609,485.0456310679612
2024-02-16 14:51:08+05:30,2124077450059042,471.9,414.5,17.939229892661366,442.3,381.5,18.890507308345533,540.6,485.1,18.19363469178094,513.9,476.1,11.974875498373372,0,43553,443.39019607843136,416.68071895424845,518.1176470588235,491.5921568627451
2024-02-16 15:07:07+05:30,2124077450249042,470.2,411.7,18.399040964413363,444.9,384.0,18.65576610374404,540.8,481.2,18.29022573412308,513.4,470.3,11.776855852021258,0,44512,438.6817518248176,418.6248175182481,516.7379562043795,491.1524504692387
2024-02-16 15:12:11+05:30,2124077450799042,466.7,411.8,17.87466933836969,441.2,389.9,17.040043823787205,541.9,488.5,17.378792884883026,513.7,476.3,11.978805449916452,0,44816,438.1924342105263,418.25296052631575,520.4871710526317,491.5440789473685
2024-02-16 15:17:16+05:30,2124077451019042,465.4,409.1,17.886983333649557,444.7,388.7,17.890300025071067,544.4,492.8,16.98613464153622,514.1,476.0,12.17184873547746,0,45121,436.3344262295082,420.7514754098361,523.9711475409837,493.09114754098357
2024-02-16 15:22:22+05:30,2124077451209042,467.6,410.0,17.992320182695366,450.4,391.4,18.6474329320562,545.3,496.7,16.722959837542568,514.2,476.7,11.853324948409345,0,45427,438.5045751633988,425.53790849673203,525.1284313725491,493.57320261437894
2024-02-16 15:27:28+05:30,2124077451419042,469.0,413.0,17.745443705731816,450.3,395.6,17.726295290718262,546.4,496.6,16.635974774626977,514.2,476.6,11.865121816417162,0,45733,440.0444444444445,426.48202614379085,526.6039215686274,493.6127450980392
2024-02-16 15:32:37+05:30,2124077451579042,470.1,414.4,17.995450228679456,454.6,396.5,18.658501208273226,546.8,499.3,16.212217928804765,517.5,480.0,11.99083543767232,0,46042,440.81812297734626,429.5569579288026,526.6521035598705,496.1773462783171
2024-02-16 15:37:43+05:30,2124077451779042,467.8,413.8,17.74389268546025,445.3,397.6,16.304736940365668,548.0,498.6,16.298097167604833,518.9,480.6,12.17377087913868,0,46348,439.07124183006533,423.08071895424837,528.5307189542483,497.9630718954249
2024-02-16 15:42:48+05:30,2124077451949042,468.1,412.2,17.899300348804253,444.6,394.0,16.730502831009883,550.3,502.9,15.955670126602518,521.0,482.1,12.424967054223252,0,46653,439.1609836065574,422.0622950819672,531.2622950819672,499.50786885245907
2024-02-16 15:52:58+05:30,2124077452129042,468.2,412.6,17.533104407612516,446.3,393.3,16.833136803036275,553.4,504.5,15.954192445508905,524.1,483.4,12.26187906211772,0,47263,439.6395081967213,423.542131147541,533.3527868852459,501.68016393442616
2024-02-16 15:58:04+05:30,2124077452449042,469.7,413.6,17.4903731400127,450.3,395.9,17.417731331241495,556.3,508.3,15.981390696736495,525.2,487.5,11.909888479212182,0,47569,441.3604575163399,426.9807189542484,538.0980392156863,504.1872549019607
2024-02-16 16:03:09+05:30,2124077452619042,472.6,416.7,17.65535099893513,451.1,398.3,17.09708403708603,557.5,512.4,15.394315641015679,527.0,488.7,12.135618314735012,0,47874,443.9629508196722,428.2573770491803,539.036393442623,506.05016393442617
2024-02-16 16:13:21+05:30,2124077452929042,476.6,421.9,17.23242880566778,458.2,405.1,17.165893512438426,558.4,511.1,15.89723644111581,530.5,491.2,12.420209551054363,0,48182,448.22370129870126,434.95389610389606,538.4788961038961,508.9574675324676
2024-02-16 16:18:30+05:30,2124077453119042,478.4,423.5,17.707642482216002,460.5,405.4,17.769860170630373,559.9,511.8,16.163194049638488,530.4,492.6,11.865853663656825,0,48491,449.3313915857605,436.688996763754,540.3330097087378,509.3679611650486
2024-02-16 16:23:36+05:30,2124077453309042,475.0,422.9,17.28846626476923,454.4,406.9,16.088225285008043,560.1,513.5,15.5926593019922,532.4,493.7,12.27582967081787,0,48797,446.76895424836596,432.8653594771242,540.4862745098039,511.31732026143794
2024-02-16 16:28:41+05:30,2124077453459042,478.3,420.5,17.849289814832243,456.8,404.4,16.95156303161571,561.6,514.8,15.68267454376187,532.0,494.4,11.856017983475898,0,49102,449.5124590163934,434.33672131147546,542.2140983606558,511.2859016393443
2024-02-16 16:50:18+05:30,2124077454069042,479.8,425.2,17.581173454913888,454.0,404.0,16.52916528456032,560.9,513.4,15.864933180815841,531.4,494.9,11.793822626995537,0,49407,451.37245901639335,431.3167213114753,540.880655737705,510.6124590163934
2024-02-16 16:55:25+05:30,2124077454219042,479.8,422.7,17.987535667755548,459.9,403.3,17.825171166906234,566.1,515.0,16.730273152857343,535.3,497.9,12.112563269913638,0,49714,451.012703583062,435.88273615635177,547.0185667752444,514.0745928338763
2024-02-16 17:05:38+05:30,2124077454349042,480.7,424.9,17.843035216442694,457.9,407.0,16.58066062408451,566.7,519.8,15.483587276847379,538.1,498.6,12.29806332412842,0,50327,451.8133768352365,435.0344208809135,547.0758564437194,516.289722675367
2024-02-16 17:15:52+05:30,2124077454569042,482.4,426.7,17.919019188768484,459.2,407.5,17.071483848972914,568.7,520.9,15.836886741967852,539.1,499.9,12.519950400914478,0,50633,453.07385620915034,436.3964052287581,550.2607843137256,517.9437908496732
2024-02-16 17:20:58+05:30,2124077454719042,482.2,426.1,17.877442081868136,461.1,407.2,17.29955867080574,568.3,524.3,15.189229662468238,538.8,500.0,12.33615657870209,0,50939,453.3705882352941,438.1924836601307,550.0124183006536,517.7160130718953
2024-02-16 17:26:04+05:30,2124077454859042,483.3,426.9,17.84335712366434,461.1,409.3,16.93271642295456,568.2,522.7,15.33965088642749,540.4,501.5,12.269753482869003,0,51245,454.54999999999995,438.33660130718954,549.6751633986928,518.6725490196078
2024-02-16 17:31:10+05:30,2124077454999042,482.9,428.3,17.418043632193573,462.1,409.8,16.984998028888867,568.7,523.5,15.339049554325195,539.0,500.8,12.133338596471496,0,51551,454.54411764705884,439.4826797385621,550.4418300653596,518.3411764705883
2024-02-16 17:36:16+05:30,2124077455139042,482.9,428.7,17.37978686063551,462.4,410.9,16.943961883687898,570.1,524.2,15.481316359401257,538.3,500.3,12.029948645633793,0,51857,454.8529411764706,439.709477124183,552.4617647058823,517.7882352941176
2024-02-16 17:41:19+05:30,2124077455309042,483.0,428.1,17.513003483673728,462.2,410.5,16.850992545656926,568.9,525.9,14.754711460529435,539.4,501.1,12.136090084309634,0,52160,454.7026402640264,439.0485148514852,551.2145214521452,518.4240924092409
2024-02-16 17:46:25+05:30,2124077455469042,482.6,428.1,17.50866973562762,463.6,410.3,17.279996021682855,569.5,524.8,15.157677439626525,539.2,500.6,12.244138695328575,0,52466,453.98039215686276,440.4633986928104,551.9604575163398,518.2908496732026
2024-02-16 17:51:31+05:30,2124077455619042,480.4,427.3,17.127003785020154,459.0,411.1,16.102349505428872,568.7,525.4,14.836722650643155,538.9,500.7,12.067758114949346,0,52772,452.5777777777777,437.30882352941177,550.8522875816993,518.1676470588235
2024-02-16 17:56:38+05:30,2124077455799042,482.8,426.6,17.820204783823204,463.6,409.1,17.455726396348712,569.5,524.1,15.385053742139732,538.8,499.9,12.318223155258748,0,53079,453.82866449511397,440.5576547231271,551.2410423452769,517.6938110749186
2024-02-16 18:06:51+05:30,2124077456059042,481.6,428.8,17.307732523876474,465.1,415.6,16.673893821690967,571.6,524.3,15.70593204963537,539.4,500.9,12.26013602986616,0,53386,453.3680781758958,442.81237785016293,554.1302931596091,518.5912052117263
2024-02-16 18:18:18+05:30,2124077456199042,484.3,426.3,18.07739653020772,466.6,403.7,18.792290184708943,571.0,509.7,17.596960786726797,538.7,500.4,11.362339073643941,0,54073,452.081077147016,438.85094614264915,547.7068413391557,517.6919941775838
2024-02-16 18:23:26+05:30,2124077456509042,488.8,429.9,18.536564852665624,460.7,400.9,18.230246163589662,565.2,506.5,18.511199029475712,532.9,493.9,12.642968014402593,0,54381,459.2126623376623,436.9431818181818,543.3847402597403,514.2590909090909
2024-02-16 18:28:34+05:30,2124077456669042,486.2,431.7,17.852656230645753,467.7,409.9,18.150455013474428,568.5,518.8,16.538621064552697,538.2,501.0,11.971098899005979,0,54689,457.3266233766234,443.5561688311688,549.0883116883117,516.4694805194805
2024-02-16 18:38:46+05:30,2124077456909042,486.1,429.9,17.66012631219227,470.8,415.9,17.726944550790364,567.5,521.8,15.721152957633874,539.7,501.8,11.9739385267115,0,54998,457.1566343042071,447.4155339805826,547.9508090614886,518.5906148867314
2024-02-16 18:43:52+05:30,2124077457069042,486.3,431.6,17.496555473714416,470.1,417.1,17.267826393353985,567.3,519.9,16.0791313614277,535.4,496.0,12.596470740244083,0,55304,457.7781045751634,447.3450980392157,547.3434640522876,515.1915032679739
2024-02-16 18:48:55+05:30,2124077457269042,483.8,431.5,17.30248852355058,465.2,417.0,16.354815570657724,569.6,519.9,16.273233227792836,538.4,500.0,12.410948713912545,0,55607,455.7564356435644,443.29141914191416,550.7646864686469,516.7419141914191
2024-02-16 18:53:59+05:30,2124077457419042,483.1,428.9,17.358482807361316,469.5,414.4,17.566603794492455,571.2,525.3,15.479451546618947,539.9,501.1,12.494335819339929,0,55911,454.99769736842103,446.5368421052632,553.6394736842105,518.7203947368421
2024-02-16 19:04:11+05:30,2124077457759042,484.4,429.8,17.254079626839516,470.5,417.0,17.616840346386276,571.5,526.3,15.529263775177009,541.3,503.3,12.010622791869018,0,56222,456.09485530546624,446.85498392282966,553.31961414791,519.9871382636655
2024-02-16 19:29:44+05:30,2124077458509042,485.1,430.1,17.341289360160292,466.5,416.0,16.299879931158426,572.7,522.7,15.612674960370866,542.9,502.3,12.198218984953566,0,56830,456.26661184210525,444.5531250000001,553.7319078947369,520.626480263158
2024-02-16 19:45:16+05:30,2124077458949042,483.8,427.5,17.505005557790458,465.4,410.6,17.08358383437732,574.3,527.1,15.490671030373283,541.3,502.9,11.977190483789764,0,57456,455.08051118210864,441.67268370607025,554.2643769968051,519.9712460063897
2024-02-16 19:55:27+05:30,2124077459409042,485.3,428.7,17.77090805810619,466.0,411.7,17.3307781980735,572.7,525.9,15.763725356049221,543.7,505.4,12.220622333757449,0,57761,456.6124590163934,443.13409836065574,554.6439344262296,522.2881967213116
2024-02-16 20:00:30+05:30,2124077459529042,485.4,430.7,17.4708071090764,465.7,414.5,16.70726468206968,573.6,527.7,15.351628740050728,543.5,505.1,12.21983288685126,0,58064,457.1554455445545,443.26666666666665,555.8184818481848,522.6633663366337
2024-02-16 20:10:38+05:30,2124077459889042,485.7,431.7,17.297642163546445,467.4,418.5,16.38401164781913,572.7,531.2,14.486433834533386,544.4,506.0,12.198365938884903,0,58368,457.4549342105263,445.37302631578956,554.6006578947369,523.3243421052632
2024-02-16 20:15:47+05:30,2124077460099042,483.3,430.3,17.29868993401994,464.8,416.1,16.406777724909553,572.3,527.8,15.051188020651994,544.5,505.3,12.454147988789755,0,58677,454.8368932038835,442.9155339805826,553.7404530744336,523.2064724919094
2024-02-16 20:22:09+05:30,2124077460279042,482.3,427.6,17.41573720496599,465.1,405.5,19.272349164160396,576.5,519.3,18.961728432660777,545.3,505.8,11.33315677487771,0,59059,450.01439790575915,436.8952879581152,552.9068062827225,523.5256544502618
2024-02-16 20:27:18+05:30,2124077460479042,492.3,432.8,18.41867123574235,462.2,402.9,17.875300625793376,569.7,516.0,17.321659431778368,538.7,499.6,12.785103188136212,0,59368,462.80906148867314,438.99514563106794,548.5216828478965,520.4336569579287
2024-02-16 20:32:22+05:30,2124077460609042,487.3,433.2,17.40177730566237,465.4,412.4,17.026409073443865,575.6,523.0,16.939979350109706,543.7,506.1,12.105579756038422,0,59672,459.3302631578948,442.97006578947367,557.0019736842105,522.104605263158
2024-02-16 20:37:37+05:30,2124077460799042,484.8,430.3,17.67377683533188,464.2,414.4,16.732771017454215,574.6,529.8,15.371177842971397,546.8,508.4,12.128670373575007,0,59987,455.967619047619,441.551746031746,555.44,524.871746031746
2024-02-16 20:42:46+05:30,2124077461009042,487.4,429.3,18.086750947268584,468.6,412.3,17.851113099574274,574.5,526.2,16.188792885464668,542.9,504.3,12.21918932744505,0,60296,458.2495145631068,444.8469255663431,555.1278317152104,522.6718446601942
2024-02-16 20:52:52+05:30,2124077461389042,486.6,432.6,17.3648971093919,466.1,414.5,16.9309595929845,576.1,530.6,15.29463728689604,543.2,505.0,12.176816129468925,1,60600,458.4332236842106,443.4750000000001,558.5782894736842,522.4506578947368
2024-02-16 21:03:01+05:30,2124077461549042,485.6,430.4,17.390385756366943,467.8,414.7,16.83008973636486,576.0,531.9,14.802777076844736,547.5,508.2,12.193863024426417,0,61209,456.3605911330049,443.5182266009852,558.1947454844006,525.4737274220033
2024-02-16 21:23:21+05:30,2124077462369042,485.2,431.8,17.17225467592029,465.1,414.9,16.59899612462877,580.9,533.8,15.642587019471488,551.1,512.8,12.230266949588717,0,61515,457.1150326797386,442.41339869281046,563.3248366013072,529.9035947712418
2024-02-16 21:33:45+05:30,2124077462759042,483.5,426.1,17.7844550904774,461.0,409.0,16.748004656001356,577.5,530.1,15.648189108277707,544.6,504.4,12.96787528755903,0,61819,455.12269736842103,438.41217105263155,558.576644736842,524.6907894736842
2024-02-16 21:48:56+05:30,2124077463109042,488.2,431.6,17.375017526332527,471.6,414.7,17.40668449622409,581.0,536.9,14.755798833335861,550.5,509.8,12.166447226383434,0,62427,459.421875,448.07845394736836,563.3603618421052,528.5003289473683
2024-02-16 21:59:05+05:30,2124077463419042,489.5,433.8,17.54947590528471,471.7,418.1,16.647461785945858,581.9,536.7,15.019504761841722,549.8,510.5,12.02673506492261,0,63036,460.15665024630545,447.87651888341543,564.0563218390804,528.687356321839
2024-02-16 22:14:20+05:30,2124077464049042,487.2,434.6,17.169339441138792,472.7,421.8,16.756560288543202,580.9,534.2,15.647582005652833,552.0,513.4,12.27768960261201,0,63344,458.9714285714286,450.05000000000007,562.4909090909091,530.3886363636364
2024-02-16 22:19:29+05:30,2124077464219042,487.2,432.6,17.404160414424286,472.3,420.5,17.108181220284003,580.4,536.2,15.101994374997865,551.4,512.7,12.181183862037173,0,63653,458.6605177993527,449.0061488673139,561.8822006472492,530.2294498381876
2024-02-16 22:24:35+05:30,2124077464349042,487.0,432.9,17.4337840042839,471.2,418.6,17.023735218974217,580.1,534.6,15.106074601783165,552.5,513.4,12.407569041818105,0,63959,458.61601307189545,448.574183006536,562.1107843137256,530.8009803921569
2024-02-16 22:29:41+05:30,2124077464489042,487.7,432.3,17.454842307590653,472.0,419.5,17.076860281592705,581.7,537.0,15.229337393799995,549.8,511.5,12.06768660523395,0,64265,459.23986928104574,449.25849673202606,564.2686274509804,529.1781045751634
2024-02-16 22:34:46+05:30,2124077464589042,487.6,433.6,17.18282038027751,470.9,419.7,16.81100462203466,582.7,537.6,15.220402741726724,552.7,514.2,12.267553129818713,1,64570,459.6672131147541,448.54950819672126,565.6055737704918,530.8940983606558
2024-02-16 22:45:03+05:30,2124077464869042,487.3,432.1,17.496259486258364,468.5,418.0,16.718011194399278,581.3,537.1,15.303262479236146,549.1,511.7,11.791682332087179,0,64883,458.40255591054313,446.12172523961664,563.3111821086262,528.3715654952076
2024-02-16 23:07:13+05:30,2124077465579042,489.8,433.8,17.742374276521502,468.8,414.9,17.236261542782888,579.6,532.0,16.060388012210836,546.9,507.9,12.377751018428661,0,65190,460.8469055374593,445.86416938110744,560.8039087947882,526.2977198697068
2024-02-16 23:17:52+05:30,2124077465919042,489.5,432.7,18.135945559100275,469.0,414.3,18.051698714287276,577.4,527.3,16.65678480833125,546.7,508.4,11.817495471812363,0,65520,459.2321212121212,444.3018181818182,556.100303030303,525.5072727272728
2024-02-16 23:23:00+05:30,2124077466059042,488.1,430.8,17.908507965696813,467.4,411.6,17.653211285530148,576.9,523.7,17.232988590649974,546.9,509.4,11.918121695614207,0,65828,459.60064935064935,443.8766233766234,556.6999999999999,525.8100649350649
2024-02-16 23:28:10+05:30,2124077466229042,488.9,432.6,17.828642250528723,470.8,414.7,17.779568242040323,575.4,529.4,15.954036194803649,546.0,509.1,11.670181732263503,0,66138,459.99903225806446,447.2812903225807,555.1690322580644,525.4632258064516
2024-02-16 23:33:13+05:30,2124077466419042,488.3,433.2,17.475070809491296,466.9,417.4,16.242867467223867,576.5,526.5,16.51715187417543,546.5,508.2,12.210374975985882,0,66441,460.03465346534654,444.63069306930686,556.3290429042904,525.6567656765676
2024-02-16 23:54:07+05:30,2124077467039042,489.3,432.3,17.907003522923215,469.7,415.2,17.61116647607854,576.8,527.8,16.70523839279086,547.8,510.5,11.81115470740441,0,66754,460.25143769968054,446.1833865814696,556.4968051118211,526.7686900958465
2024-02-16 23:59:18+05:30,2124077467199042,487.3,433.6,17.427186353177103,468.6,416.2,17.189575433339446,575.5,527.5,16.185841017219527,548.1,510.1,12.072623550589729,0,67065,458.9662379421222,445.6035369774919,554.9745980707395,526.8257234726689
2024-02-17 00:11:03+05:30,2124077467469042,486.8,423.9,20.08913951718817,469.2,402.1,21.579277136476726,579.0,521.8,19.72523060750983,548.2,510.5,10.898530940862099,0,67457,451.71683673469386,437.6081632653062,552.6191326530612,525.8831632653062
2024-02-17 00:16:20+05:30,2124077467679042,487.4,422.5,19.530371018635158,460.4,400.1,18.298057947487287,572.4,519.8,17.82945743901312,543.1,508.5,10.968951063507129,0,67774,456.9552050473186,435.7813880126183,549.2059936908518,522.5504731861199
2024-02-17 00:51:36+05:30,2124077468799042,483.1,423.9,18.451138211346723,459.7,401.0,18.033800603124956,567.2,512.2,18.018898872184316,539.0,504.3,11.32739512353693,0,68079,454.1777049180327,435.65213114754107,544.208524590164,517.7852459016393
2024-02-17 01:01:42+05:30,2124077469149042,486.0,430.4,17.513866015490667,469.4,412.9,17.89719189230205,574.7,524.6,16.667353370330666,544.7,507.5,12.03645774286347,0,68382,457.7112211221122,445.75709570957093,554.5887788778878,523.6277227722773
2024-02-17 01:12:30+05:30,2124077469489042,481.7,424.7,18.372884908864762,457.2,405.3,16.93331094138194,572.5,516.5,18.091979198286587,541.1,503.9,11.808167910619233,0,68689,452.70293159609116,433.85798045602604,550.2947882736156,520.7231270358307
2024-02-17 01:17:52+05:30,2124077469689042,483.7,424.7,18.74565306705614,462.3,405.4,18.37399381017128,574.8,523.2,17.514704865208373,544.5,508.2,11.673369835704818,0,69011,453.4416149068322,437.06024844720497,552.7571428571429,522.7217391304348
2024-02-17 01:23:07+05:30,2124077469899042,483.7,425.1,18.44788351073586,463.4,405.7,18.402090753242888,573.7,522.2,17.289518723458094,545.3,508.4,11.520655422538997,0,69326,454.1301587301587,438.5177777777777,551.5409523809525,523.9495238095237
2024-02-17 01:28:12+05:30,2124077470099042,485.6,426.8,18.11873864953672,469.4,408.7,18.699173111790557,573.8,522.6,17.05372073976491,546.7,508.8,12.076951134528153,0,69631,456.9485245901639,444.7619672131148,552.9134426229508,524.9547540983607
2024-02-17 01:33:20+05:30,2124077470289042,487.6,430.5,17.701473324972092,471.8,415.4,17.879357241012585,574.1,524.8,16.750054820144747,543.0,506.7,11.568419817334432,0,69939,458.8746753246753,447.74577922077924,553.4422077922078,522.9987012987013
2024-02-17 01:38:28+05:30,2124077470459042,487.3,432.8,17.474964376048383,469.4,417.6,17.140387661525043,575.1,525.0,16.82076674769277,545.6,508.3,12.094369103548152,1,70247,458.76071428571424,446.2308441558442,554.612012987013,524.312012987013
2024-02-17 01:43:32+05:30,2124077470609042,488.8,432.0,17.733583652032976,470.7,416.4,17.127422303260122,572.2,526.1,16.015576109867887,544.7,507.8,11.831191570275376,0,70551,460.19671052631577,448.21578947368414,551.8013157894737,524.1986842105263
2024-02-17 01:48:39+05:30,2124077470789042,488.5,434.1,17.557391792553855,474.5,419.9,17.60142834999408,573.8,522.9,16.829988430487763,545.3,508.9,11.665837651546479,0,70858,459.9345276872965,451.1475570032573,552.9071661237786,524.2407166123779
2024-02-17 01:58:51+05:30,2124077471199042,488.7,433.9,17.523295850628408,473.2,422.5,16.940093418432742,579.1,528.4,16.665214237026404,549.3,511.7,12.134414394138691,0,71165,460.1413680781759,450.61140065146583,559.9358306188925,527.786970684039
2024-02-17 02:04:13+05:30,2124077471389042,489.0,433.7,17.999596787449118,474.1,420.8,17.839774522142108,579.9,533.2,16.398905137360437,548.3,510.6,11.754643994778132,0,71487,459.24627329192543,450.21180124223605,560.1627329192545,527.3711180124224
2024-02-17 02:10:26+05:30,2124077471569042,489.3,425.3,19.971940530988043,473.2,408.5,20.61982608198762,577.5,516.8,19.52697016018839,546.5,509.7,10.611965219383546,0,71860,455.1243967828418,444.3018766756032,551.5571045576407,525.964343163539
2024-02-17 02:15:48+05:30,2124077471809042,483.3,423.0,18.83179800668401,462.6,406.0,18.392925798596412,569.2,513.7,18.545657312658644,539.6,488.7,17.88233647915171,1,72182,453.2298136645963,437.50559006211176,544.5670807453416,517.5773291925465
2024-02-17 02:20:55+05:30,2124077472009042,485.0,425.9,18.391142091452274,464.4,406.9,18.077436233993662,571.0,514.4,18.340000134889138,533.7,497.7,11.592741160413985,0,72489,456.07491856677524,439.95700325732895,547.543648208469,511.9185667752443
2024-02-17 02:25:58+05:30,2124077472219042,483.9,428.1,17.75926381556834,462.9,410.1,17.024102553589127,573.3,519.3,17.600968799523265,543.1,508.0,11.645200440004103,0,72792,455.58976897689774,439.6056105610561,551.5207920792079,521.6250825082509
2024-02-17 02:32:39+05:30,2124077472429042,485.5,428.8,17.853144892249123,465.8,401.9,20.564956838044264,574.9,507.4,21.38664861315917,546.2,509.1,10.409884390206088,0,73193,451.94513715710724,434.89950124688283,545.4214463840399,524.5847880299252
2024-02-17 02:37:45+05:30,2124077472709042,491.6,432.6,18.364056151661302,460.3,399.6,18.19204395025384,567.7,504.8,19.501157081172227,539.2,501.3,12.20065163204152,0,73499,462.5872549019608,435.93071895424833,543.8722222222221,520.5081699346405
2024-02-17 02:42:49+05:30,2124077472919042,490.1,434.5,17.86510897601888,466.9,409.0,17.922918642905664,569.4,519.1,16.531015293308023,548.6,510.6,12.347355422349734,0,73803,461.4388157894738,442.83157894736837,548.027302631579,524.7654605263158
2024-02-17 02:53:11+05:30,2124077473089042,487.0,430.9,17.900950109247812,464.8,413.1,16.68381843268994,577.3,522.3,16.845207619624453,553.3,512.1,12.508723069685677,0,74425,457.7400321543409,441.06334405144696,556.174115755627,529.5966237942122
2024-02-17 02:58:16+05:30,2124077473409042,486.4,429.0,18.139262636826373,467.5,410.6,17.778655138000794,578.2,526.6,16.835093929605403,551.0,512.5,12.23959580889591,0,74730,457.50885245901645,444.0193442622951,558.231475409836,529.4301639344262
2024-02-17 03:03:27+05:30,2124077473599042,487.1,430.5,17.921795677179652,466.2,415.5,16.94256568218142,579.8,531.7,16.275649151902932,549.8,512.7,11.7808118942221,0,75041,458.15241157556267,443.2855305466239,560.4209003215434,529.0533762057878
2024-02-17 03:08:35+05:30,2124077473779042,486.2,431.5,17.79418183172147,464.1,413.5,16.805990351938895,578.8,531.9,15.705040031579108,549.3,511.2,12.100741463633998,0,75349,457.6253246753247,441.1094155844156,559.2548701298701,528.610064935065
2024-02-17 03:13:39+05:30,2124077473949042,486.8,430.2,17.690991660942643,468.7,412.2,17.749173512918766,582.5,532.2,16.334074313289122,551.0,513.4,12.081947799607784,0,75653,458.63092105263155,445.32006578947363,564.4078947368421,529.8516447368421
2024-02-17 03:18:45+05:30,2124077474139042,487.3,432.3,17.563548781339513,466.3,416.5,16.37785884560133,581.6,538.3,14.886517198451639,555.4,515.6,12.727095447675145,0,75959,459.04967320261443,444.47254901960787,563.6267973856209,532.6803921568627
2024-02-17 03:23:52+05:30,2124077474349042,487.4,432.8,17.64571612627731,466.1,416.4,16.594133558880642,582.6,536.8,15.322674268043901,552.8,514.2,12.200019291623015,0,76266,458.9651465798045,443.66938110749186,564.5885993485342,531.885342019544
2024-02-17 03:29:03+05:30,2124077474539042,487.2,432.0,17.773514936903233,465.2,414.6,16.70720457097143,579.4,535.7,14.803945473305417,551.2,513.2,12.040037821178176,0,76577,458.52057877813513,442.4334405144694,560.726688102894,530.711575562701
2024-02-17 03:39:16+05:30,2124077474859042,490.0,433.4,17.81646591753022,471.6,416.8,17.40229372980366,581.9,534.1,15.908811353538438,550.0,511.8,12.163745935958449,0,76881,461.3032894736842,448.6674342105263,563.6667763157895,529.5740131578947
2024-02-17 03:44:21+05:30,2124077475049042,488.8,434.7,17.309546876553803,472.9,418.9,17.299743878616997,580.2,536.0,15.019422678410526,550.3,512.5,12.047964547638584,0,77186,460.7245901639344,450.2363934426229,561.6918032786886,529.3632786885246
2024-02-17 03:50:41+05:30,2124077475239042,488.9,434.4,17.61065519604051,472.1,411.2,19.552390737297376,581.1,520.2,19.452932272989013,550.1,512.4,10.771667289982664,0,77566,456.43763157894733,443.6092105263158,556.0634210526316,529.1386842105263
2024-02-17 04:00:58+05:30,2124077475649042,488.3,432.5,17.981812106750098,462.9,414.6,16.388309817754518,578.4,529.4,16.35147223108835,553.0,513.5,12.821999622041968,0,77877,459.2215434083601,440.35819935691325,557.982958199357,528.3260450160773
2024-02-17 04:06:13+05:30,2124077475869042,485.9,430.0,17.960347994707444,465.6,411.7,17.53089234557414,579.2,530.1,16.470284679504505,547.8,509.1,12.23984394507618,0,78192,456.86380952380955,441.8260317460317,558.951111111111,527.0514285714286
2024-02-17 04:11:26+05:30,2124077476039042,488.5,429.7,18.228873999803966,471.9,412.1,18.624487668635204,578.7,530.0,16.683452006733543,547.4,510.1,11.812748645266192,0,78505,459.0645367412141,447.40543130990415,558.7488817891375,526.3482428115016
2024-02-17 04:16:35+05:30,2124077476239042,486.7,432.1,17.67393107660976,468.7,417.0,17.152066770094297,577.1,528.9,16.309062347270768,547.0,509.2,12.044859316046193,0,78814,458.14239482200645,445.1686084142395,557.2818770226537,525.9993527508091
2024-02-17 04:21:40+05:30,2124077476449042,487.0,430.7,17.693688416859978,468.2,415.2,17.373978843494218,578.3,529.0,16.338433010142673,545.3,508.0,11.871004936260505,0,79119,458.6140983606557,444.7419672131147,559.4668852459016,524.9901639344263
2024-02-17 04:26:46+05:30,2124077476639042,487.8,432.7,17.59454397571843,466.0,415.5,16.642384252428673,577.5,532.2,15.43102592594488,547.8,510.2,11.996885989219749,0,79425,459.4562091503268,443.68496732026153,558.9179738562092,526.3022875816994
2024-02-17 04:31:51+05:30,2124077476829042,488.7,432.7,17.679068972202693,468.9,415.2,17.063210384318058,577.5,531.6,15.493225244371212,546.6,507.8,12.374345486913972,0,79730,460.2514754098361,446.2216393442622,558.8724590163935,525.7754098360656
2024-02-17 04:37:01+05:30,2124077477029042,489.2,434.2,17.667511583401886,471.0,417.9,17.32249929227505,579.3,532.1,15.92802099783277,547.7,509.6,12.166570057977555,0,80040,460.473870967742,447.9638709677419,561.0358064516129,526.4274193548387
2024-02-17 04:42:14+05:30,2124077477189042,488.9,433.4,17.5731454829331,473.8,418.4,17.867633610379606,579.5,533.6,15.856706056944017,547.5,509.9,11.83451056914647,0,80353,460.19744408945684,450.09361022364214,560.8469648562301,526.5821086261981
2024-02-17 04:47:24+05:30,2124077477389042,491.2,434.3,17.806433911128334,476.3,419.7,18.012603595741428,579.9,532.2,16.11713789214541,550.1,512.1,11.961986908828047,0,80663,462.28709677419357,452.4412903225807,561.083870967742,528.3077419354838
2024-02-17 04:52:40+05:30,2124077477579042,490.9,436.4,17.769711276176036,474.5,422.4,17.519392705098976,579.4,533.1,16.045072101997174,546.6,507.5,12.368311716629343,0,80979,461.7889240506329,450.9145569620253,560.0234177215191,525.5971518987342
2024-02-17 04:57:48+05:30,2124077477779042,489.4,434.3,17.653844442284193,471.1,419.7,16.87049452743065,577.8,531.1,15.940515522136298,546.5,508.7,11.991127244703543,0,81287,460.8107142857143,448.2902597402597,558.5097402597403,525.2581168831168
2024-02-17 05:03:06+05:30,2124077477959042,490.3,433.8,18.023895229888037,475.7,419.0,18.362914193058984,579.3,530.3,16.671045230650535,549.4,511.4,12.020415032638905,0,81605,460.7261006289308,451.12327044025153,559.4355345911949,527.2874213836478
2024-02-17 05:08:18+05:30,2124077478119042,490.4,433.7,18.019061782388118,473.4,419.8,17.57537766753959,578.6,530.5,16.37784408264055,545.7,506.8,12.31711443569864,0,81917,461.12948717948717,449.87756410256407,558.7291666666666,525.0301282051283
2024-02-17 05:18:37+05:30,2124077478479042,488.8,432.8,17.913198810722548,472.4,417.8,17.5694698883086,579.4,531.4,16.037199316553462,546.4,507.4,12.405357043257599,1,82225,459.6587662337663,448.96201298701294,560.2272727272727,525.9344155844155
2024-02-17 05:23:47+05:30,2124077478669042,488.9,432.3,17.756549413727853,473.4,419.6,17.39981874768353,580.3,533.5,15.841474582352284,548.7,511.7,11.900949193700248,0,82535,460.2058064516129,450.19032258064516,561.5825806451613,527.561935483871
2024-02-17 06:07:11+05:30,2124077480189042,494.6,434.7,18.93591589229103,464.3,401.7,18.730127663227943,575.1,509.6,20.11568599541381,541.8,504.5,11.774183666304705,0,82853,464.43742138364775,439.27169811320755,550.9279874213837,522.9361635220126
2024-02-17 06:12:25+05:30,2124077480379042,490.9,435.0,17.974870852769566,470.2,410.8,18.48540040913241,577.8,524.4,17.36259681080249,549.5,512.2,11.93851475910402,0,83167,462.0471337579618,445.5019108280255,556.5898089171975,527.1964968152867
2024-02-17 06:22:46+05:30,2124077480759042,490.0,433.7,17.75280791608456,473.8,417.1,18.322583244038004,578.4,528.3,16.842170386357292,548.6,511.1,12.098915477154417,0,83481,461.3321656050955,449.0544585987262,557.9312101910828,526.9331210191083
2024-02-17 06:27:55+05:30,2124077480979042,487.3,432.2,17.686938481213467,468.7,418.1,16.74730775581691,576.4,529.0,15.969922858130833,548.1,509.1,12.540877330207909,0,83790,459.1436893203883,446.42880258899675,556.6394822006473,527.1699029126214
2024-02-17 06:33:20+05:30,2124077481169042,489.6,430.8,18.38311355069276,470.8,416.9,17.92598042950439,577.3,528.2,16.9251463596994,545.3,506.7,12.102895566830876,0,84115,459.5793846153846,446.56584615384605,556.1861538461538,524.1726153846154
2024-02-17 06:38:38+05:30,2124077481369042,489.1,431.8,18.48299197644272,467.2,414.9,17.457881825668814,577.1,525.5,16.99680867015753,546.7,508.8,11.996463826338436,0,84433,459.51194968553466,443.4798742138365,556.0915094339623,525.1603773584906
2024-02-17 06:43:45+05:30,2124077481549042,489.4,430.3,17.918440925975887,471.6,413.2,17.964182629029178,577.0,527.6,16.69266541525228,545.0,507.5,11.928857841415246,0,84740,460.87947882736154,447.79771986970684,556.8631921824104,524.6794788273615
2024-02-17 06:48:52+05:30,2124077481749042,491.1,434.9,17.80222933189105,473.6,418.8,17.46604420516291,576.5,527.8,16.21429453203744,546.3,509.2,12.015826418529684,0,85047,462.6065146579805,450.5087947882736,557.1928338762216,525.4358306188925
2024-02-17 06:54:10+05:30,2124077481949042,491.1,435.8,17.772903059704475,476.2,421.3,18.0221778542286,577.5,529.9,16.522006470632014,547.6,509.8,11.986403953203864,0,85365,462.15723270440253,451.8713836477988,557.466037735849,526.5006289308177
2024-02-17 06:59:17+05:30,2124077482159042,490.7,434.8,17.47170936248348,472.8,420.4,16.969041882385863,576.2,527.8,16.28048684730489,547.5,509.9,12.037800906178346,0,85672,462.56938110749184,450.3175895765472,556.1332247557003,526.7488599348535
2024-02-17 07:04:19+05:30,2124077482349042,491.1,436.3,17.438095919014895,474.9,421.4,17.087861043723812,576.8,528.2,15.862024306423745,548.0,509.7,12.382865045983754,0,85974,463.2072847682118,452.4953642384106,557.2761589403973,527.0711920529801
2024-02-17 07:14:42+05:30,2124077482779042,489.1,434.5,17.411682188713932,471.5,419.4,16.7513703405377,575.7,526.6,16.205434697251125,544.7,507.3,11.911455263559809,0,86276,461.1622516556291,449.2354304635761,555.3539735099338,523.7794701986755
2024-02-17 07:19:45+05:30,2124077482969042,490.2,434.8,17.447565015526955,474.2,421.1,17.091946236304793,576.9,528.8,16.047146996123267,546.7,508.9,12.150148692930992,0,86579,461.7924092409241,451.5488448844885,557.3660066006601,525.5105610561056
2024-02-17 07:24:50+05:30,2124077483169042,489.5,435.6,17.374468837512048,471.7,422.6,16.35302896403395,577.3,530.5,15.75716561868826,545.7,507.4,12.20733594630513,0,86884,461.0334426229509,449.672131147541,558.1954098360656,525.0213114754098
2024-02-17 07:29:58+05:30,2124077483379042,490.8,434.3,17.58430160002643,473.5,420.9,16.909191913962484,578.3,531.2,15.972507668041192,547.1,509.7,11.867099630498219,0,87192,462.138961038961,450.69675324675325,558.9756493506494,526.0246753246753
2024-02-17 07:35:04+05:30,2124077483549042,488.7,436.2,17.168782666616437,468.0,420.8,16.046369511484187,579.3,531.1,16.012997523317566,548.1,509.4,12.317186407735043,0,87498,460.75032679738575,446.1888888888889,560.0362745098039,526.8343137254902
2024-02-17 07:43:10+05:30,2124077483749042,489.7,406.2,23.870030959487107,475.3,388.6,27.149804600856047,580.4,481.1,30.22216649535549,547.8,496.1,12.907831475583414,0,87984,447.08518518518525,435.2337448559671,542.8744855967078,521.5944444444445
2024-02-17 08:00:23+05:30,2124077484389042,490.3,432.7,19.18996078647913,463.7,399.3,20.733315083815874,571.6,501.8,22.143673477842032,553.7,510.0,12.803670245797084,1,88398,454.77342995169084,431.9707729468599,540.087922705314,525.43961352657
2024-02-17 08:05:32+05:30,2124077484639042,492.3,430.7,19.072590430032413,461.2,396.8,19.165503324287236,563.5,498.8,20.159813295813347,539.7,505.8,9.899223512505841,1,88707,462.5077669902913,436.27928802589,538.540776699029,519.9184466019417
2024-02-17 08:10:42+05:30,2124077484769042,489.8,433.0,17.902701790276957,465.4,409.8,17.699497596207596,571.8,515.0,18.255420919356965,546.6,508.0,11.91933380796607,1,89017,460.8,441.7512903225807,549.2922580645162,522.7316129032258
2024-02-17 08:15:49+05:30,2124077484939042,487.2,432.3,17.785965311135737,463.6,413.0,16.861464280040188,574.8,523.1,16.9290503117968,551.5,510.2,13.138382511408082,0,89324,458.42899022801305,440.4319218241043,553.7687296416938,526.2149837133551
2024-02-17 08:21:10+05:30,2124077485169042,486.6,429.2,18.10998585895435,463.9,411.5,17.4612077890755,575.3,527.5,16.47372054675713,550.1,510.1,12.11732101797456,1,89645,456.85669781931466,439.9822429906542,554.1330218068537,526.0996884735202
2024-02-17 08:26:24+05:30,2124077485339042,488.9,429.8,18.322378040157837,467.9,410.1,18.32020496204244,575.0,524.9,16.921087275436374,546.1,508.5,11.308840975570421,0,89959,459.1420382165604,443.3585987261147,554.0270700636943,524.4044585987261
2024-02-17 08:31:32+05:30,2124077485579042,489.9,432.0,18.02692613528113,469.9,413.6,17.74461985802552,575.5,525.7,16.58138563290687,544.8,507.8,11.3091027600384,0,90267,461.0113636363636,446.5772727272727,555.835064935065,523.7259740259741
2024-02-17 08:36:41+05:30,2124077485759042,490.0,434.0,17.64724896761279,471.0,417.8,17.194784244648805,573.4,528.6,15.682398979448232,547.5,508.5,12.01608812065574,0,90576,461.23721682847895,448.29126213592235,553.4495145631067,524.4252427184467
2024-02-17 08:41:52+05:30,2124077485929042,489.0,434.2,17.597004824064093,470.9,418.7,17.351845087872697,574.4,525.0,16.390054576347886,549.9,509.8,12.462891608869676,0,90887,460.46366559485534,447.56913183279744,554.0601286173634,525.9485530546624
2024-02-18 01:21:08+05:30,2124087515999042,481.8,410.2,21.983938867478354,433.8,343.6,20.63930565488439,533.5,432.6,25.558860959780617,522.8,435.6,21.861716917046593,0,91503,444.8199675324675,399.5022727272727,493.1743506493507,484.663961038961
2024-02-18 01:31:31+05:30,2124087516569042,476.0,411.5,20.165458806243418,448.1,384.6,20.113808448987992,546.4,484.2,20.27595418776267,530.6,489.4,13.574793041505169,0,91814,443.78681672025726,419.3,519.4765273311897,504.02990353697743
2024-02-18 01:41:53+05:30,2124087516759042,477.5,414.2,19.705876394016325,449.2,387.3,19.288973912009624,553.8,489.3,20.088415070158305,534.2,492.8,13.026725037867864,0,92436,445.5583601286173,421.1255627009646,526.6085209003215,508.2162379421222
2024-02-18 02:02:07+05:30,2124087517739042,473.9,409.9,20.046746480036543,444.2,381.4,18.61148208270708,549.6,479.9,21.58456729965587,526.9,481.9,14.195806862764114,0,92741,442.2681967213114,418.82754098360664,522.208524590164,499.5186885245902
2024-02-18 02:07:24+05:30,2124087517969042,475.4,412.9,19.72227301173146,451.3,392.0,19.0307611677129,553.5,494.8,19.418362731311735,533.1,493.3,13.087724474678126,0,93058,443.4958990536277,424.71135646687696,527.2536277602525,506.99337539432184
2024-02-18 02:12:30+05:30,2124087518199042,476.9,414.2,19.653761814902253,451.2,393.6,18.48810926474499,553.6,497.7,18.495634543335164,534.4,495.2,12.513401041063387,0,93364,446.2375816993463,425.49117647058824,529.4830065359477,510.1424836601307
2024-02-18 02:17:37+05:30,2124087518409042,479.0,416.8,18.877088769831314,456.9,395.2,19.06268696594547,559.5,500.8,19.12752231242817,537.6,497.5,12.784102523890297,0,93671,448.542671009772,431.35179153094464,535.2270358306189,513.0410423452769
2024-02-18 02:22:47+05:30,2124087518629042,481.2,422.3,18.66895843313099,456.3,401.9,17.89273665346954,560.1,506.3,18.08150673455717,539.7,499.2,12.84007570080899,0,93981,450.88322580645155,431.4390322580645,536.4209677419354,514.8535483870967
2024-02-18 02:33:02+05:30,2124087519109042,483.1,425.1,18.31045363613171,460.9,404.2,18.243185146964954,563.0,510.6,17.615744983354627,539.7,500.1,12.236748254630465,0,94289,453.2905844155844,436.0883116883117,540.5405844155844,516.3477272727273
2024-02-18 02:38:15+05:30,2124087519329042,483.5,426.3,18.331260770790177,462.5,405.7,18.437690168108148,563.8,511.7,17.57241811912319,540.7,500.7,12.375061524820726,0,94602,453.2779552715655,437.4392971246006,540.8511182108626,517.0370607028755
2024-02-18 02:48:27+05:30,2124087519769042,482.4,425.7,17.948367011751067,463.1,406.0,18.41494749448628,563.4,513.4,17.136308146590068,536.0,499.3,11.272234539331446,0,94908,452.84150326797385,438.23137254901957,541.3470588235294,515.4153594771242
2024-02-18 02:53:32+05:30,2124087520009042,481.6,426.4,17.72019926626781,460.8,407.4,17.63401357155916,564.3,512.2,17.345809027285064,540.2,501.2,12.135061696999788,0,95213,452.6357377049181,436.72721311475414,542.0252459016394,517.1252459016393
2024-02-18 02:58:38+05:30,2124087520199042,481.9,426.0,18.01529263646462,460.4,406.8,17.622581093752174,566.2,514.3,17.261979276234868,539.4,501.3,11.80938288656851,0,95519,452.49575163398697,436.26797385620915,544.3062091503268,517.5728758169935
2024-02-18 03:03:50+05:30,2124087520399042,482.3,425.5,18.09198095335487,464.0,406.4,18.67594647093004,568.7,516.5,17.694031470832858,542.5,502.5,12.356339638271837,0,95831,452.23301282051284,438.2544871794872,546.6596153846154,519.0016025641025
2024-02-18 03:09:03+05:30,2124087520639042,482.4,425.4,18.139644492160198,466.4,406.8,19.15355070337016,567.8,516.4,17.554870840041374,539.1,500.8,11.771564035117967,0,96144,452.6805111821086,440.2648562300319,545.8773162939298,517.3718849840257
2024-02-18 03:14:12+05:30,2124087520869042,480.4,426.0,17.97531719685801,461.9,408.2,17.789880572855253,564.5,515.5,16.693191340189014,533.4,497.6,11.080745167268425,0,96453,450.8550161812298,437.6695792880258,542.4766990291262,513.9857605177995
2024-02-18 03:25:23+05:30,2124087521069042,483.5,423.4,18.485032180317866,462.1,397.8,19.27131473204818,567.1,503.1,19.33485231970246,536.5,495.7,10.776391269992391,0,97124,450.23457526080483,433.28286140089415,538.7456035767511,514.6700447093889
2024-02-18 03:30:30+05:30,2124087521489042,482.8,426.7,18.090037704146628,462.8,405.6,18.020332416604603,561.7,510.1,17.31640091744368,538.7,500.9,11.932057834790589,0,97431,453.3690553745928,438.8022801302931,539.3361563517916,515.9833876221498
2024-02-18 03:35:31+05:30,2124087521719042,482.8,426.4,17.79833320552223,467.0,409.9,17.889971181684615,562.7,511.3,17.316959041121905,540.1,501.5,12.088694662739558,0,97732,453.99867109634545,443.5654485049834,540.5275747508306,517.6887043189369
2024-02-18 03:40:33+05:30,2124087521909042,481.9,427.7,17.231060753403014,467.0,414.5,17.441988967499466,567.3,512.2,17.827876214997858,541.9,503.5,12.112776392695908,0,98034,453.708940397351,443.33874172185426,545.1440397350993,518.9652317880794
2024-02-18 03:45:48+05:30,2124087522109042,483.8,428.3,17.878413441135564,468.3,413.1,18.149409271941405,567.4,518.3,17.034865654348216,542.5,503.7,11.920004883769005,0,98349,454.1498412698412,443.82507936507926,545.2828571428572,520.0479365079365
2024-02-18 03:50:51+05:30,2124087522309042,481.7,427.5,17.5188508491028,467.0,412.2,17.610945400443605,566.9,515.2,17.15414569265851,538.6,502.0,11.425710456724824,0,98652,453.3574257425743,443.5181518151815,544.9821782178217,518.6052805280527
2024-02-18 03:55:53+05:30,2124087522519042,482.6,427.2,17.50394202152563,467.5,414.5,17.317151993406615,567.1,517.9,16.472526796847156,542.9,504.5,12.077109705684952,0,98954,454.0831125827815,444.29900662251663,546.2089403973511,520.2460264900662
2024-02-18 04:01:02+05:30,2124087522749042,481.3,427.6,17.57607267285378,461.6,412.5,16.422540494588212,569.1,519.2,16.802813510899483,538.7,502.2,11.450521310410565,0,99263,452.316504854369,438.98025889967636,547.5566343042071,518.96213592233
2024-02-18 04:06:08+05:30,2124087522989042,481.5,425.6,17.68549370417094,464.7,409.6,17.582062665365566,568.7,520.1,16.55211741805585,541.3,504.5,11.421209547884922,0,99569,452.8656862745098,441.34150326797385,547.1732026143791,520.1977124183006
2024-02-18 04:11:14+05:30,2124087523189042,481.3,427.1,17.63053124111677,463.2,412.1,17.01632334728319,569.4,519.2,16.669240498786557,541.5,504.6,11.540803837677766,0,99875,452.5869281045752,440.10915032679736,548.0604575163399,520.9032679738563
2024-02-18 04:13:18+05:30,2124087523419042,480.6,425.7,19.05961419493848,462.5,410.3,20.116234670656958,571.4,521.2,18.969893241489153,533.6,513.7,5.9677204513332365,0,99999,452.5854838709677,443.9604838709677,548.2249999999999,521.3693548387097
