temperature_1_max,temperature_1_min,temperature_1_std,temperature_2_max,temperature_2_min,temperature_2_std,temperature_3_max,temperature_3_min,temperature_3_std,temperature_4_max,temperature_4_min,temperature_4_std,label,temperature_1,temperature_2,temperature_3,temperature_4
495.1,436.0,0.24944714558497877,477.8,419.8,0.3806158595831597,581.3,528.4,0.6415232661917557,548.2,508.3,0.45930518208781024,0,465.1333309749088,453.9403506625723,560.4569502267061,526.2756685250466
495.3,436.0,0.22996357416906513,477.8,419.8,0.5490126506520829,581.3,528.4,0.5253112303084089,548.2,508.3,0.5214345185969557,0,465.1961184097499,453.3427633811699,558.9884732109839,526.3520473715239
495.3,436.0,0.2050266097648406,477.8,419.8,0.6522998204926919,581.3,528.4,0.5646275349605883,547.3,508.3,0.5206969034598274,0,465.1371059952982,452.3010733710898,558.3495077486252,526.1730829702294
495.3,427.6,1.385316849581396,477.8,407.2,2.319540681623619,582.3,520.6,2.2486289261343857,547.1,508.1,0.18933511474688536,0,463.6429742936665,450.22915767567406,557.2332664898838,525.7937805226769
495.3,426.1,1.4459119576589063,475.0,405.3,2.3109037549758247,582.3,518.6,2.233690474093969,547.1,506.0,0.6261980772424124,0,462.3567335111082,446.5014149247299,554.581206928724,524.1042571818164
494.2,426.1,1.3303976048822186,475.0,405.3,2.089460566909789,582.3,516.3,2.0200516051049147,547.1,506.0,0.6385223848906296,0,461.73661502108064,444.6486878963895,553.2038311829916,523.0426330619615
494.2,426.1,1.1553842317957026,475.0,405.3,2.0192648066328722,582.3,516.3,1.516307794455469,547.0,506.0,0.5707322863740414,0,461.30051194597075,443.59844869141784,551.8429164181786,522.3146101861446
493.7,426.1,0.8595289694291408,472.0,405.3,0.7441814947023649,574.8,516.3,0.8046606780373523,544.1,506.0,0.5004426811896873,0,462.9093129034281,444.8178589997125,551.3230652188893,522.213298000773
494.6,431.6,0.3714958642464867,475.9,409.1,0.5479563728069257,575.0,516.3,0.7578000533039397,546.1,507.7,0.26693251465822243,0,464.19395385686266,448.2307248349735,552.7254686685524,523.9393432084568
495.3,434.9,0.1263394593327236,478.9,415.8,0.5031496583216309,578.2,522.0,0.35281849476699356,546.2,508.7,0.2883543722205388,0,464.7263761717423,450.68537655809695,554.2733417752471,524.9858036278499
495.3,435.9,0.12086627065772511,478.9,417.7,0.4706933683704517,578.2,524.7,0.3326620484101392,546.2,508.7,0.28339419823848544,0,464.9678045052838,451.7543776404832,555.1183830932605,525.4127118539853
495.8,436.1,0.1829856757692481,479.5,420.1,0.5501595255627858,578.2,524.9,0.29567693664795774,546.2,509.0,0.30174662976593275,0,465.40998691570724,453.43548513233986,556.2350769043353,525.5813600624543
495.8,436.1,0.307099498059881,479.5,420.1,0.8542598461328874,579.1,525.3,0.47117160516018164,546.2,509.0,0.3037205912220734,1,465.43674961128045,453.58293533792545,557.6046027226724,525.3493984562174
495.9,436.1,0.30490276342455425,479.5,420.1,0.7546240677400419,579.1,525.3,0.48469396052880614,545.7,509.6,0.10705530409295246,0,465.73429946679386,453.61777293097373,557.9619924687233,525.4119146662794
495.9,436.1,0.32702927188402686,479.5,420.1,0.75250806418531,579.1,525.3,0.42808989886151294,545.7,508.6,0.19793073428169963,0,466.2756267731428,454.8179917516024,558.5485123988651,525.3618196385415
495.9,437.4,0.3221058725702682,478.1,402.8,2.5536106784484467,579.5,504.2,3.834194565534534,549.7,508.6,0.7453590281642816,0,464.41400135123763,450.92029914912916,555.7353544847349,525.9999828955757
495.9,434.6,0.3244633074895791,478.1,402.8,2.313859748607295,579.5,504.2,3.633546719804639,549.7,492.2,1.3293131061114758,0,463.4080543616401,448.4185522751142,554.7762675876035,523.5082572992744
495.7,431.7,0.3142037896244059,478.1,402.8,2.0895015142889477,579.5,504.2,3.533241949692146,549.7,492.2,1.3245635303459589,0,462.12834413491703,447.120546985986,554.4552360463385,523.095955507206
494.7,431.7,0.36607266017234746,476.5,402.8,1.9677645419583434,580.0,504.2,3.491699090476559,549.9,492.2,1.3536651012501932,0,461.19561923339467,446.6002342530998,555.0140609691534,523.628930861193
492.8,431.7,0.38328034020472007,476.5,409.5,0.80859286658632,580.0,521.0,1.1883013995975562,549.9,492.2,0.6929346813862405,0,462.42690522681295,449.333646429159,557.7039964013682,522.8712400226198
494.1,431.7,0.23564108005254536,478.5,414.3,0.7389340929129912,580.0,527.0,0.7098776650934051,549.9,506.7,0.30246438396968195,0,463.28612052817124,452.228210839176,558.8610008580745,525.6823239572548
494.1,435.3,0.21028077347042282,481.0,420.6,0.5577396913813768,581.2,528.4,0.6787611585007148,549.9,506.1,0.2585924254854523,0,464.0914822206922,454.24844739866256,560.2040193700234,525.689332589714
494.3,437.0,0.21033735846449259,481.0,421.6,0.577496697263196,581.2,528.4,0.6405269325105912,547.4,506.1,0.42998911114247523,0,464.62772599212826,454.91661539193245,560.3431266631056,525.406259723604
494.3,437.4,0.21026890455869832,481.0,421.6,0.7163146947697282,581.2,528.4,0.4451651552040557,547.4,506.1,0.4688038016074166,1,464.95077634863446,455.4689623913383,561.1206874601519,525.4185634329665
494.3,438.1,0.29826144050917297,481.0,425.8,0.6253097168136031,581.2,532.7,0.3782137010856826,547.3,506.1,0.4564296727018024,0,464.6550896035957,454.9252520267999,560.5482440822398,524.9563306352961
494.3,437.7,0.3047264065384402,478.6,423.6,0.4688390166564504,580.6,529.9,0.5017313946619792,547.3,506.2,0.49665789279483963,0,464.66381977927784,454.16581485053035,560.4570807885996,525.2377673309761
494.1,437.7,0.3101604169826368,477.1,423.6,0.45648812128766286,580.6,529.9,0.5626631679047739,548.5,506.2,0.39161436136094796,0,464.3682177505876,453.1377951578048,560.2837301604695,525.3179706244147
493.4,437.1,0.5871845412632932,477.1,413.4,1.4665833107489419,580.6,511.7,2.1048376034597025,548.5,504.4,0.377237410539093,0,463.23808753056056,451.3138890559238,557.2789666520127,525.0284474741877
501.2,437.1,0.6546189504107621,477.1,410.6,1.2359763827884267,580.6,508.8,1.7335718071725061,548.5,500.7,0.380677746360642,0,465.36725723809286,450.0373169737933,553.7645684710858,524.0006238262383
501.2,437.1,0.6574698579678098,474.4,410.6,1.3017118571077946,580.3,508.8,1.5167474935007426,550.8,500.7,0.45707862362641427,0,465.75668346760114,449.256415334449,552.5195684710859,524.1922631705006
501.2,437.1,0.6551783660912992,475.4,410.6,1.1872603596770361,581.0,508.8,1.540339309436037,551.5,500.7,0.5235257420265793,1,465.8652638674644,449.47861287375184,552.9067085514002,524.5301433823939
501.2,437.9,0.25929343083591944,476.1,410.6,0.7337866204291399,581.0,508.8,1.1549467565906237,551.5,500.7,0.3459793498591337,1,466.7708858960568,451.7226600145044,555.6284579989695,524.5589413434225
494.9,437.2,0.2174624455104149,476.1,421.2,0.6288286165618996,581.0,519.3,1.3620859530944005,551.5,500.0,0.6707171179500167,0,464.63049503882655,452.81810693485767,560.0662863999138,525.0388004206212
493.3,405.7,3.4434913598376045,476.1,383.3,5.758092850739675,581.1,477.6,6.926366098187325,551.5,495.2,0.9166933567310029,0,459.8976998050682,448.0167355019493,556.2911019736841,523.3989894005847
498.9,405.7,3.400179964086026,476.1,383.3,5.695696753255992,581.1,477.6,6.652471394496664,545.2,456.7,5.863565509934804,0,461.5329527242038,445.30686272397793,551.8476237364936,516.6282395748615
498.9,405.7,3.367527895452895,474.9,383.3,5.457790142460412,581.1,477.6,6.39852599134263,545.2,456.7,5.941844847615213,0,461.0827887951345,443.54597914084786,550.0502651185082,515.374408754018
498.9,405.7,3.3075996613717233,474.9,383.3,5.107851618488048,581.1,477.6,6.025640509035703,545.2,456.7,6.298701584332021,0,460.48477740682455,443.35185975358024,548.8597410825519,515.6161440870908
498.9,434.2,0.2988770968509866,474.9,406.0,0.40850134716235553,576.7,506.4,1.5569962899842644,544.0,456.7,6.376721803860165,0,464.2661289599906,448.27056196385496,552.2507491470681,516.4766862017862
491.0,434.2,0.2407734512770814,474.9,410.4,1.0737769307869407,576.7,514.1,1.8599299741926818,544.0,504.0,0.878837757601301,0,461.0127049364208,448.80081739136364,553.5444477617281,522.0101216539772
493.6,434.2,0.25856192561352315,474.9,407.8,1.0566238269618748,576.7,510.8,1.9856550297964117,544.0,501.9,0.7939022048844521,0,461.7836467451278,447.5573351418793,552.5622199905848,522.7588818320252
493.6,436.1,0.20567367828203006,475.1,407.8,1.0790422356748428,576.4,510.8,1.96744710222676,545.1,501.9,0.8113852613591773,0,462.3845685614473,447.104809495226,552.1833331610152,522.6511845844678
494.1,436.8,0.25878617904370776,478.8,407.8,0.9435506604421938,576.4,510.8,1.9648473307699834,546.6,501.9,0.8723103436458193,0,463.1054384715478,448.19288855392506,552.341443948958,522.8977485717762
494.1,436.9,0.3619756166465675,478.8,407.8,1.234623133676573,576.3,510.8,1.4409810742915896,546.6,501.9,0.2710444702494774,0,464.22964009798386,449.3235412797114,554.0068882069504,522.5600079409944
494.1,436.4,0.34027149325199113,478.8,415.4,1.1725130238223338,576.3,523.1,0.569567067129424,546.6,503.7,0.31215135532476834,0,463.7788204258527,452.2436232469245,556.1708226331798,522.8237784327977
494.1,436.4,0.3643061129962846,478.8,420.2,1.1954183961753346,577.3,527.4,0.1938674594072676,546.6,503.7,0.31348002301098826,0,463.43429815573774,452.51831104400344,557.1306940250216,522.7703324525453
492.5,436.4,0.33167799025112965,477.6,420.2,1.0742512812824903,578.6,527.4,0.29838291731622285,546.1,501.9,0.4442278943731596,0,462.82408522787955,451.2444452352781,558.406481524354,522.6839922752612
492.5,432.0,0.6964771960475354,477.6,412.5,1.486353474385526,578.6,525.1,1.1591314680548006,546.1,501.9,0.5563832199863225,0,461.6679803547603,450.5111856350086,558.0117498827642,523.0778189089913
492.5,431.0,0.6727086668759127,473.8,410.2,1.5697340708884648,578.6,523.0,1.1527697230390255,546.1,501.9,0.651104363493765,0,461.4528407962046,448.9938742131721,557.2475074098187,522.5269030727113
492.5,431.0,0.6016524655377075,476.7,410.2,1.2216421748643957,578.6,523.0,1.0980215306945131,546.1,501.9,0.6497357596671428,0,461.62602381737724,449.6654390168752,556.5817174003895,522.4259529291318
492.5,431.0,0.6156463927551048,477.9,410.2,1.2105437893586959,578.0,523.0,1.173811411368043,544.3,504.7,0.2595358566099904,0,461.75155313333823,450.92024357713575,554.2912043710735,521.9926060235942
492.5,431.0,0.3344935765349924,477.9,410.2,0.8471846256709097,576.6,523.0,0.7443814767691403,543.9,504.7,0.35411381945633896,0,462.9770116135488,451.9853582529646,554.3637018053691,521.8217160588448
492.5,435.6,0.28064993488143447,477.9,420.4,0.23553216831315119,576.6,523.8,0.6476734099902711,543.9,505.0,0.18091543090217835,0,462.82137807225354,452.4218518655611,554.7418254790812,522.3857301493294
491.9,435.6,0.2618261280295765,477.9,420.4,0.15216207005599056,575.7,523.8,0.6222335011239758,543.9,504.4,0.20209325465156602,0,462.52569403316556,451.65466945513765,554.8785925800584,522.3632138626846
492.1,435.6,0.3796000099596537,477.0,420.4,0.38877656142339123,575.7,523.8,0.4674626827317574,545.1,504.4,0.08303518425575081,0,462.4620059197979,451.242282440464,555.9519605116021,522.842686143967
492.1,436.0,0.38117445828255203,477.0,421.0,0.356952839779779,575.7,527.4,0.17165526162438632,545.1,504.3,0.1086729566812724,0,462.2797459362961,452.0919022424861,556.021714678445,522.7384177739004
492.2,436.0,0.3109588173973458,477.6,421.0,0.3925580866327492,575.7,527.4,0.09204422048729201,545.1,504.3,0.1857739833400831,0,462.5544270213401,453.29816690524274,555.9186690144318,522.8650736180564
492.2,435.7,0.31396016061223214,477.6,421.7,0.4232369583262018,575.4,526.0,0.0852344124758369,545.1,503.9,0.18010618497449046,1,462.6892804415355,453.9282971984024,554.8817797636173,522.5758228037241
492.2,435.7,0.16122264498234123,477.6,422.6,0.34041284021016344,574.5,523.8,0.23387670199584173,543.7,501.9,0.2987859172049823,0,462.6178439541632,453.2810930131351,554.0784238494039,521.6693131105951
492.2,435.7,0.11344539817387284,477.6,422.4,0.3391206697148494,574.3,523.8,0.2788079182993061,543.7,501.9,0.31322809924240674,0,462.6419229097735,453.0375233593162,553.2274386007297,521.2009653008487
491.0,435.7,0.08650613238610311,474.4,422.4,0.18108584718829965,572.8,523.8,0.27956389842677076,540.7,501.9,0.33742275630131163,0,462.427631435119,452.03036583941673,552.3566206283793,520.5419230930564
491.8,435.8,0.12578124449035766,477.0,422.3,0.17661174279925435,572.8,523.7,0.33556028357793405,541.5,500.2,0.3361261346859304,0,462.5140242461868,452.29150989603863,552.2046188322155,520.2933681318664
491.8,435.8,0.2759218013811181,477.0,422.3,0.4109117667204449,572.1,523.6,0.21715410307978977,541.5,500.2,0.3120781296602445,0,462.2036274055319,452.56233001203077,551.7119420402645,520.1263762385023
491.8,436.1,0.22600678126902327,477.0,422.3,0.3649395468303299,572.6,523.6,0.21662472784651313,541.5,498.2,0.6893039978803764,0,461.9371269574796,452.20270347679286,552.0644237228327,519.5044164050723
491.8,430.3,0.7596765467239683,477.0,411.6,1.6549344163722015,572.6,515.5,0.81211494003341,541.5,498.2,1.0434180454338284,0,460.2078241459295,450.6405100186553,549.8504514583949,519.0642032937155
491.2,430.3,0.7572151822981978,473.7,411.6,1.657714663622639,572.6,514.8,1.1360848513899915,540.0,489.0,1.1927668485730305,0,460.170600448975,449.74883731355783,549.5759500773281,516.5889955059336
491.2,430.3,0.7036395576981808,476.4,411.6,1.4905551059314557,572.6,514.8,1.053360631419555,540.0,489.0,1.2338453851813251,0,460.35366260698237,449.9950188209594,550.129233744457,516.6305003811768
491.2,430.3,0.7212047623678107,476.4,411.6,1.4608205068184013,572.6,514.8,1.0264164173647379,540.0,489.0,1.0053108934822814,0,460.8142264012015,450.48404357290065,549.9598652155529,517.1230828876479
491.2,435.7,0.10308954709202205,477.5,421.1,0.5538977239409006,574.5,514.8,0.959633451389231,542.5,489.0,0.7480610288217576,0,462.67339225019964,453.05573352160275,553.0000568512341,517.9625323815541
491.1,435.7,0.10408341856159728,477.5,421.1,0.5883159417783171,574.5,524.9,0.5008844339549555,542.5,502.8,0.6113073717739941,0,462.3136783318454,453.5592013240243,553.470255340466,520.8214705579175
491.1,435.1,0.08378010980069164,477.5,422.9,0.457822155585773,574.5,524.9,0.5216322987195813,542.5,502.8,0.4990819385361746,0,462.2085261451631,452.79339313264285,553.5660832894166,521.3967148575917
491.1,435.1,0.07132938626781761,477.5,422.4,0.5685058202433318,574.5,525.4,0.570218969105303,546.2,502.9,0.5074384427400711,1,461.93296313909013,452.99356814951193,552.9499269128984,522.659931794164
490.1,435.1,0.062277743623060086,476.5,421.2,0.6434809756750874,575.1,523.2,0.6497603753797223,546.2,499.9,0.8486455513971417,0,461.15831965667735,451.06783150565826,553.2093457149568,522.292114668587
490.1,435.1,0.11689195185912103,476.5,421.2,0.6405815138804041,576.6,523.2,0.5962280423612297,546.2,499.9,1.081413321907264,0,460.8795909520807,450.6464128835646,554.5489013240857,522.2845699348466
491.9,435.3,0.20588892331343722,478.8,421.2,0.7246021550282872,576.6,523.2,0.6259136547109618,546.2,499.9,0.7417242281290521,0,461.2811600768738,452.08339371338246,554.9718030168289,522.4905145602537
491.9,435.3,0.25239126357036723,478.8,421.2,0.7037207355837986,576.6,523.2,0.5805154404614604,543.6,499.9,0.7851382188322189,0,461.6125255863643,451.9785589647977,556.6103769429028,521.9524578253221
491.9,435.6,0.28358224047953035,478.8,421.7,0.6312427467522266,576.6,526.8,0.3601375800155061,543.6,500.4,0.7364721598939068,0,462.15673784951093,453.487088079126,556.8623199384318,522.195795061856
491.9,435.6,0.256014823686414,478.8,421.7,0.6412932897800194,575.9,526.8,0.3442127128707376,543.8,502.8,0.6200532602449795,0,462.6050504462964,454.7365447459706,556.3591178772367,522.5903142053387
490.7,435.9,0.21022392626120315,477.4,424.1,0.39567892587544556,576.3,526.8,0.14416453561657486,543.8,502.8,0.5136665517381694,1,462.35684197724095,454.2772613583485,556.9502416557383,522.5240275603875
490.6,435.9,0.3812856774488662,477.4,424.1,0.21961104894144717,577.4,528.4,0.07371497045647722,543.9,502.8,0.5066420707521214,0,461.9294144628949,454.92272722968653,557.4864712691482,522.6896912571558
491.4,435.9,0.34330481886906905,480.7,424.8,0.4203312958776674,578.3,528.4,0.21913564538933727,545.5,503.9,0.43411158894655744,0,462.19758057098034,456.1491280466115,558.3701919436351,523.421880197248
491.4,436.7,0.330109000712637,480.7,424.9,0.6039046750636476,579.4,528.7,0.23342388731081232,545.5,503.9,0.5217614787808197,0,461.7802842604909,455.360305688135,559.6977272845901,523.4307391208391
491.4,434.0,0.42021196044997444,480.7,414.3,0.6965285538445458,579.4,521.0,0.6264378489288577,545.5,493.9,0.5890109728768681,0,461.15087249578505,453.3873518974982,558.006382891241,520.7035811403831
491.4,432.5,0.33169966588312283,480.7,414.3,0.687853665051373,579.4,521.0,0.7663793462578657,545.5,493.9,0.6668476333382044,0,460.2800484665927,451.5436685469181,557.3357927817699,519.843617358454
488.4,432.5,0.2995219966407631,473.7,414.3,0.6380067395848349,579.4,521.0,0.6671777314647613,543.9,493.9,0.6714670728880622,0,459.18389933829127,449.31958852812704,557.0339950993396,519.4184325792495
488.4,421.2,0.7492618447507989,476.4,393.2,4.2062681725267765,577.6,481.5,6.116366279831795,543.6,493.9,0.27213387958544927,0,456.8962036150744,446.0357156238929,552.3574389043978,518.8337430367659
487.6,419.7,0.7682552122727617,476.4,393.2,4.509321473716269,577.6,481.5,5.986241620094057,549.6,497.9,3.246374950695134,0,453.5591680113593,444.1275951388568,550.5666972678308,521.2148285630817
487.6,419.7,0.5853836812599746,476.4,393.2,4.542685566887455,577.6,481.5,6.1586759127750215,551.2,497.9,3.09139458228585,0,452.98291714362813,443.15333017383307,549.2441034193768,522.3770857318754
487.6,419.7,0.5032272522245059,476.4,393.2,4.636803452583524,577.6,481.5,6.142290107479362,552.1,497.9,2.7816908171247077,0,452.68914691709097,441.7990183520169,547.7481169989186,523.2115731676264
486.4,350.8,11.10957263425529,466.7,333.4,12.321923902955852,573.0,407.7,17.897506768118728,552.1,442.6,6.495384336401843,0,443.56618496056916,431.18284340377676,536.4367104254196,517.9346981676264
486.4,350.8,10.938140655700066,466.7,333.4,11.926584578657927,573.0,407.7,17.670515681473354,552.1,442.6,7.445693249315616,0,443.7534520011214,426.1093349913522,531.9263283611401,512.1457847724581
486.4,350.8,10.805149827858278,465.8,333.4,11.625112764371053,573.0,407.7,17.03309679645477,552.1,442.6,7.717435011206913,0,442.1463422131148,421.8898294645727,528.3412172915614,507.974675144648
487.7,350.8,10.690059352965404,464.6,333.4,11.081312664756064,573.0,407.7,16.282257881825448,549.1,442.6,8.265827503862232,0,442.5532130740419,419.93543717785667,524.4319852654177,504.1585619775269
487.7,416.8,0.6168103904164715,467.3,383.1,0.5484620709496125,568.1,489.8,0.9109640669224213,540.4,484.5,0.8358474176612248,0,453.42415858686246,431.31941382620835,536.444883617066,508.34378633650124
487.7,418.5,0.40440441298967406,468.0,392.7,0.6714882789603273,568.1,497.0,1.4404677957505465,540.4,493.5,0.8323928657821666,0,456.29850284915744,437.7006433344051,541.495621321984,513.2622289594522
487.7,428.6,0.37525057743996343,468.0,394.6,1.0281052727959936,570.6,497.0,1.372724943342434,542.4,494.8,0.6903272194222297,0,458.6008798983378,441.7142498917821,544.9434082072299,516.1576387955176
486.9,430.5,0.2706719648386716,468.0,409.5,0.667201766136119,570.8,513.1,0.8434477667091386,544.3,502.3,0.26780666554926147,0,458.51699754315774,443.4909617960003,548.1475338229934,518.819862993258
487.1,430.5,0.2189868216156557,468.0,411.6,0.4584415052999945,571.0,516.5,0.5599346403003286,544.3,502.3,0.3493531568942539,0,458.7461032598455,444.23008721634494,549.3599043042881,519.8306119949393
487.1,431.1,0.12956299181266354,468.0,413.3,0.1253734435488541,574.1,517.7,0.7497477657079628,544.3,504.5,0.3540906848168768,0,458.38184096476357,443.92713639667284,551.8097403698619,521.0637267490376
487.1,426.6,0.48340373045509694,468.0,398.7,1.8201520030852465,574.1,501.6,2.606273415297342,544.3,503.2,0.9393390113851958,0,456.47241076235474,441.19002615913524,549.1080715424948,520.6986320267225
487.1,426.6,0.7106382440990854,467.7,396.0,1.947562490852281,574.1,498.5,2.7984635052406914,543.7,493.6,0.7605528466504532,0,455.47773211576254,438.01020447038206,545.223347335182,518.0189066630462
488.8,426.6,0.5858900488537174,465.8,396.0,1.5938685581919296,574.1,498.5,2.5742009002557706,543.7,493.6,0.8280872304422469,0,455.2975528742061,435.39891249921874,541.4282488263927,516.4533625192579
488.8,426.6,0.6332911165284199,464.7,396.0,1.5040822501157984,569.9,498.5,2.068777402179229,543.4,493.6,1.0009435922046457,0,455.4372782975681,435.0842249484964,539.7332436865345,515.9041462123813
488.8,412.4,1.354919178092304,464.7,356.6,1.1306152606742788,569.9,443.7,1.6670802820078272,543.4,449.7,0.9051151437358461,1,453.2499754407576,426.3516641228632,524.3127904441627,502.11546189907943
488.8,406.2,2.0586038392641566,464.7,356.6,2.364060141968809,569.9,443.7,2.449937036369757,543.4,449.7,0.9305178784593899,0,448.3265212246473,419.1643074632203,512.4812827364995,491.7514635256367
485.5,405.3,2.3150473025589053,464.7,356.6,2.349353649131287,569.9,443.7,2.4495485760716167,543.4,449.7,0.2634128506743012,0,445.3297986666629,409.9084685538369,501.75559521442415,481.3046845530689
488.2,405.3,2.0078474297931974,435.8,356.6,1.8429531791990523,524.9,443.7,1.7946852861175648,507.6,449.7,0.689374191246422,0,445.5429951333685,400.2749540259135,489.56389538267626,471.9082922667815
488.2,405.3,1.9049327766530557,435.8,363.5,1.7738185637638058,531.5,452.7,1.5730263715469277,510.5,455.7,0.6963438633511396,0,446.66253910730984,402.5088302474119,496.74646867257854,478.1380968270421
488.2,405.3,0.8461825926748978,436.5,363.5,0.28118931685059134,531.6,456.7,0.8199464150731273,510.5,460.7,0.6793762550313708,0,448.3625037257031,404.510388324711,501.84558477571267,482.6842389453067
488.2,413.4,0.18655261362299824,436.5,369.1,0.6374515979279894,536.5,464.7,0.6637760653103687,512.2,468.1,0.45388440975752875,0,447.3049296268615,407.35215089562803,506.85220513509745,487.0918014493514
476.6,412.9,0.27616444932744677,439.9,373.1,0.6527095160832385,538.9,471.7,0.5763384902295774,512.2,471.9,0.2936372186994601,0,442.81015838503146,409.7863829217718,510.6512247429406,489.0453962205932
472.4,412.6,0.27931629088432547,440.3,375.5,1.0824336132289227,541.5,477.8,1.3220296992696414,513.3,472.0,0.496818270242198,0,440.47649601033936,410.5512845251717,512.2085399729839,489.9472527176562
473.8,412.6,0.28498586292317163,440.3,374.4,1.4594836774306332,541.5,474.7,1.059774691832747,513.3,472.3,0.5011557283090211,0,440.8474927423655,409.57538583236123,513.3040465089316,490.54594552811375
473.8,412.6,0.3010389196561921,440.3,374.4,1.3594018853900367,541.5,474.7,1.2893927734463861,514.9,472.3,0.42192763343323236,0,440.76561430666453,410.52671953361215,514.2380139590462,491.1827188908805
473.8,375.7,3.8422496195388884,440.4,329.6,7.1179065785528115,542.9,429.0,6.761207066001564,515.0,458.4,0.9748053581348965,0,433.9892178794319,401.8210280841312,506.48659023078517,490.0681291397681
473.8,375.7,3.787152322831925,441.1,329.6,7.080764443919118,542.9,429.0,6.722230412310842,515.0,458.4,1.0925018797260713,0,432.8158208886482,401.7116892650927,504.55257669228246,488.6332214511165
472.2,375.7,3.76193455605074,441.1,329.6,6.686817955131786,542.9,429.0,6.594707209160448,515.0,458.4,1.2979699963589753,1,431.89180128080505,402.9281108337201,503.3963675419557,487.71884236614915
472.2,375.7,3.6705981249695725,441.2,329.6,6.647734347102711,542.9,429.0,6.361884753645836,515.0,458.4,1.2984735626330937,0,431.5842668446636,403.54421651594964,502.3653888529774,486.7324869553638
470.6,408.4,0.35366789927375086,441.2,372.8,1.6880046515970712,541.7,467.1,1.331533286382427,514.0,471.4,0.42154839893527124,0,437.98166000392234,412.29484260595336,510.93396944398353,488.5076976215089
470.6,409.4,0.23603979657115381,442.5,372.8,1.0400933307683164,542.8,467.1,0.9902042158078376,516.8,471.4,0.46898719220769886,0,439.320901828584,413.8771233527707,514.3029818213736,490.7320215607617
471.1,409.8,0.23834770584429466,444.4,378.8,0.9910151491300252,543.0,477.6,0.2981940067199675,516.8,471.8,0.4258527959227025,0,439.8232711096298,416.1238553789145,517.3690765926153,492.39975031893164
471.1,411.1,0.12938760402505292,445.7,383.0,1.2906467581179188,544.3,482.3,0.8661248338435353,516.8,474.0,0.5358284847692371,0,438.8764293025203,416.30375664112944,518.5531167869929,493.8484321186059
471.3,400.2,1.6202192412712897,445.7,370.9,1.7917232244557377,544.3,465.8,1.7046180718175923,516.8,468.2,0.6547269783582482,0,437.6328142930647,415.18298136824535,514.9220001186674,492.3330498320195
471.3,397.6,1.985917146396804,445.7,368.5,2.0287475784120583,544.3,462.4,1.418280051300976,516.3,467.8,1.0108920575688713,0,437.4456393710641,411.5004212457718,511.1472835324224,488.7742618255083
482.5,397.6,1.9985824744985818,445.7,368.5,1.9864559629423215,544.3,462.4,1.2478948792158644,516.3,467.8,0.8836494565628128,1,440.329498594365,408.9907950004518,509.3270094033534,486.75789181472084
482.5,397.6,2.055571593217482,442.3,368.5,2.057363531261651,540.6,462.4,1.7494860152519318,513.9,467.8,0.9732837183995866,0,441.96835196179904,409.0844122390139,509.61790214632003,486.0574935304071
482.5,397.6,0.5831117463766337,444.9,368.5,0.395147284541454,540.8,462.4,1.3015296873019369,513.9,467.8,0.8124348970989949,0,443.07235590785115,411.50559123786525,512.797315055283,487.036151832996
482.5,411.7,0.2662058639277997,444.9,372.7,0.9262211830665441,541.9,477.5,0.6913447581834388,513.9,470.3,0.5643026094141324,0,443.35412141841147,415.82983460569017,517.0203214106739,489.83357933682834
471.9,409.1,0.2509389440527358,444.9,381.5,0.836618469480282,544.4,481.2,0.6335677603577499,514.1,470.3,0.161269548987369,0,439.1497020858208,418.5774931021621,519.8284804642046,491.844958455084
470.2,409.1,0.24625183943841325,450.4,384.0,0.7679220792362058,545.3,481.2,0.6856410787559646,514.2,470.3,0.17251063012182807,0,437.9282968570627,420.791790487783,521.581176542636,492.3402198929925
469.0,409.1,0.10114755422025867,450.4,388.7,0.6599380510755037,546.4,488.5,0.33360599739786173,514.2,476.0,0.14765190110061074,0,438.26897001196943,422.7560926441687,524.047667883698,492.95529355019255
470.1,409.1,0.11774104316167204,454.6,388.7,0.4922656619614064,546.8,492.8,0.32130120227350706,517.5,476.0,0.14808692129623005,0,438.92539220367445,425.5820919947904,525.5889010105077,494.1136103829297
470.1,410.0,0.14389257514405063,454.6,391.4,1.1093122424716966,548.0,496.6,0.2500063952820778,518.9,476.6,0.1489595665232613,0,439.6095961038137,426.1644028808935,526.7287938638239,495.33159147154004
470.1,412.2,0.12344198116737308,454.6,394.0,1.0535692986319682,550.3,496.6,0.2809201922125994,521.0,476.6,0.24316146956855153,0,439.77369821460337,425.2954995272023,528.2622597911784,496.81525803106007
470.1,412.2,0.2018605877121469,454.6,393.3,1.0432463724769117,553.4,498.6,0.17684694143350815,524.1,480.0,0.18093749980774146,0,439.67246415267255,424.5605257781398,529.949476120333,498.83211274015684
469.7,412.2,0.19061354675844971,450.3,393.3,0.45860358960466585,556.3,498.6,0.16763879849213206,525.2,480.6,0.21530936915180626,0,439.80804778742095,423.91646603450124,532.810960034287,500.83458989606777
472.6,412.2,0.18367092379947608,451.1,393.3,0.30706027046981726,557.5,502.9,0.28499144605392324,527.0,482.1,0.21725933621612734,0,441.0309750348227,425.21063055823424,535.4373786563806,502.85636290581806
476.6,412.6,0.17790263325736494,458.2,393.3,0.2403326948470124,558.4,504.5,0.27720542299857587,530.5,483.4,0.21549969398892302,0,443.2966544578586,428.43353081371646,537.2415289118628,505.21876257582016
478.4,413.6,0.21377257381326747,460.5,395.9,0.30446262602202934,559.9,508.3,0.32909323740467455,530.5,487.5,0.25403349658488994,0,445.7196253051184,431.72024721776967,538.9865846177358,507.1407118834758
478.4,416.7,0.24509843692888159,460.5,398.3,0.6969695636929456,560.1,511.1,0.338188079790534,532.4,488.7,0.23623094090544172,0,447.071749488125,433.19140734848867,539.5836434412652,508.9232282233451
478.4,420.5,0.30547523934627735,460.5,404.4,0.6961166238862447,561.6,511.1,0.2539765620017136,532.4,491.2,0.28735678237418244,0,448.45912653730534,434.71124341406244,540.3780696707735,510.2321626495746
479.8,420.5,0.2387212493859301,460.5,404.0,0.7161837462796719,561.6,511.8,0.25179728276463736,532.4,492.6,0.22094615535348097,0,449.24631596672833,433.8019497159572,540.9785095792256,510.645910520556
479.8,420.5,0.3088995427307558,459.9,403.3,0.74038297648381,566.1,513.4,0.5208882962700253,535.3,493.7,0.22481620355979437,0,449.6666439660537,433.60038456410666,542.6498988458522,511.822568437763
480.7,420.5,0.16971044676976885,459.9,403.3,0.5993238645158143,566.7,513.4,0.5491493752110366,538.1,494.4,0.23369359885690982,0,450.9277496127713,434.142649915054,544.2972943293312,513.0656690412452
482.4,422.7,0.17776154965596955,459.9,403.3,0.6009819010636022,568.7,513.4,0.5301108400669234,539.1,494.9,0.3072355558867959,0,451.81809891096054,434.65757089437466,546.3089658175986,514.7301413438274
482.4,422.7,0.062170155107418995,461.1,403.3,0.5166284548629113,568.7,515.0,0.6682132021105947,539.1,497.9,0.16704132530750854,0,452.31763121568576,436.3765114815385,548.5919064583358,516.506029857703
483.3,424.9,0.03602393689485216,461.1,407.0,0.3010416475719252,568.7,519.8,0.27711524903350593,540.4,498.6,0.11264784952079702,0,453.2019553199203,436.98997776924796,549.2560556141979,517.6555189041358
483.3,426.1,0.2330111224394251,462.1,407.2,0.16202091390830248,568.7,520.9,0.28278642710748486,540.4,499.9,0.16072774094222805,0,453.8846405228759,438.1020424836601,550.0975490196079,518.1683823529412
483.3,426.1,0.2672579862419084,462.4,407.2,0.1742877169078299,570.1,522.7,0.11926737986501862,540.4,500.0,0.13726879545036788,0,454.3294117647059,438.9303104575163,550.6477941176471,518.1294934640523
483.3,426.9,0.2107822938609897,462.4,409.3,0.05614219401798175,570.1,522.7,0.32298982576275626,540.4,500.3,0.09829561830282448,0,454.66242477188894,439.14431825535496,550.94831990552,518.3065132983886
483.0,428.1,0.06650206142098408,463.6,409.8,0.18535359736099102,570.1,523.5,0.31486307942829733,539.4,500.3,0.08746027634581643,0,454.5200228111047,439.6760176017602,551.5196434349317,518.2110884617873
483.0,427.3,0.180955840382715,463.6,410.3,0.49675910797891765,570.1,524.2,0.33170233531145965,539.4,500.3,0.09399769849888502,0,454.0284378437844,439.1325535494726,551.6222578140166,518.1677061088461
483.0,426.6,0.2838188677653375,463.6,409.1,0.6027419918587297,569.5,524.1,0.29180726416263486,539.4,499.9,0.1113730849698372,0,453.77236867344527,439.3445979492086,551.3170772238653,518.1441000540465
482.8,426.6,0.29705738308990925,465.1,409.1,0.6160794353398261,571.6,524.1,0.3667935307421362,539.4,499.9,0.10800101996110682,0,453.4387281514126,440.28556369887804,552.0460201507314,518.1858782546677
484.3,426.3,0.44136105459517644,466.6,403.7,1.1647367677710374,571.6,509.7,1.198839434609902,539.4,499.9,0.4397429067671259,0,452.9638993989509,439.88245056133775,550.9826161064353,518.036164380763
488.8,426.3,0.5127697894054714,466.6,400.9,0.923005735340436,571.6,506.5,1.5013778143436802,539.4,493.9,0.5488744469408838,0,454.62262053892204,439.79104013353026,549.1157292759456,517.0590253433298
488.8,426.3,0.5105901956712714,467.7,400.9,0.9048149540287515,571.6,506.5,1.2242637878873754,539.4,493.9,0.5399189200788356,0,455.49711025929935,440.5406686605407,548.5775466117043,516.7529427044703
488.8,426.3,0.37731523882983226,470.8,400.9,0.4379733098322416,571.0,506.5,1.2185457370793753,539.7,493.9,0.5231052735815174,0,456.44424929137716,441.6914576931456,547.032675587174,516.7527951232216
488.8,429.9,0.4571766584696577,470.8,400.9,0.4430119289938244,568.5,506.5,1.244919926586797,539.7,493.9,0.3741451278484757,0,457.8685061484141,443.81499566728723,546.941831265457,516.1276723958191
486.3,429.9,0.23432210962830194,470.8,409.9,0.7697310994012664,569.6,518.8,0.3440484817841104,539.7,496.0,0.3158993175351147,0,457.00444947488955,445.40205499822025,548.7868178176836,516.7483782164013
486.3,428.9,0.15955939678554168,470.8,414.4,0.6130880833910881,571.2,519.9,0.3557552420029469,539.9,496.0,0.274034817807897,0,456.422217972839,446.14722331674386,549.9246083166584,517.3111067707416
486.3,428.9,0.10484090481167749,470.5,414.4,0.5851159701522284,571.5,519.9,0.3964117113905808,541.3,496.0,0.25645992687197827,0,456.1567732231538,446.00708580230565,551.2668095882638,517.6602376149751
485.1,428.9,0.04635502699948532,470.5,414.4,0.7306191980566672,572.7,519.9,0.37048440029612306,542.9,500.0,0.21781567035118005,0,455.7789000398892,445.3090925425018,552.8639205488761,519.0189818637713
485.1,427.5,0.10409807430935807,470.5,410.6,0.610557149232929,574.3,522.7,0.06033752121961722,542.9,501.1,0.23704191258147528,0,455.6099189245253,444.9044086835408,553.7388431809156,519.8263148175139
485.3,427.5,0.22725909340816547,470.5,410.6,0.5655842770730239,574.3,522.7,0.12099549041589965,543.7,502.3,0.12550711547548046,0,456.0136093365184,444.053722747389,553.9899583664204,520.7182653136313
485.4,427.5,0.1802970510603476,466.5,410.6,0.4504068200342329,574.3,522.7,0.1754901123280079,543.7,502.3,0.11830669665751274,0,456.2787568962905,443.15664343334817,554.6146752914891,521.3873223318733
485.7,427.5,0.19555488056711273,467.4,410.6,0.41650839642544,574.3,525.9,0.5516825208067033,544.4,502.9,0.1183250408383688,0,456.57583748839573,443.3616187622955,554.8318627914891,522.0617877923996
485.7,428.7,0.22298031703312726,467.4,411.7,0.4410419584696403,573.6,525.9,0.5374927012940967,544.5,505.1,0.12104374409085036,0,456.51493299383947,443.6723313309236,554.7008818108961,522.8705944137795
485.7,427.6,0.08674229788829708,467.4,405.5,1.3943025410534968,576.5,519.3,2.0312389894206135,545.3,505.1,0.4926282896024423,0,454.8654177161809,442.1126287302885,554.2665997750195,523.1799588460169
492.3,427.6,0.5434909204448843,467.4,402.9,1.3810249370431928,576.5,516.0,2.072094477583638,545.3,499.6,0.6213274087797321,0,456.2788217022105,441.04474847138886,552.4424000249473,522.6225315013407
492.3,427.6,0.5258984375925393,465.4,402.9,1.2405848946245897,576.5,516.0,1.6056637981980322,545.3,499.6,0.6227753876863925,0,456.7476539390527,440.4440083398099,553.0427289723158,522.3175972908145
492.3,427.6,0.4774568633791324,465.4,402.9,1.1386271980758313,576.5,516.0,1.4742383767951532,546.8,499.6,0.5937744272822721,0,457.0303353999865,440.1030613526007,553.4676157037075,522.7339156757736
492.3,429.3,0.4484075770306999,468.6,402.9,0.5804900847048918,575.6,516.0,0.8625233502129532,546.8,499.6,0.3207476454665754,0,459.0891145643235,442.0909707546577,554.0228720618294,522.5204632282569
487.4,429.3,0.33311159894203385,468.6,412.3,0.49262230645139093,576.1,523.0,0.7749428380711259,546.8,504.3,0.050680465467472444,1,457.99515511320783,443.2109343468907,556.5370237182763,523.0247134624587
487.4,429.3,0.3357717378598358,468.6,412.3,0.5162997005168237,576.1,526.2,0.5744499374616755,547.5,504.3,0.038176435472208455,0,457.2527371069853,443.3479745497686,556.8352166683238,523.86699400217
487.4,429.3,0.4007953363025008,468.6,412.3,0.5500565753127932,580.9,526.2,0.583607397043533,551.1,504.3,0.024208221416951916,0,457.5395905150152,443.5633877150347,558.8064258186506,525.1249561870441
486.6,426.1,0.2568155683426675,467.8,409.0,0.1402951476617151,580.9,530.1,0.3987509664626427,551.1,504.4,0.38442689680956915,0,456.75788621634376,441.95469908660687,559.6686290740585,525.6296923904165
488.2,426.1,0.2560353541442988,471.6,409.0,0.35367439296248704,581.0,530.1,0.5004160162029397,551.1,504.4,0.38639334554551064,0,457.0050490452911,443.1055625734489,560.8641471661638,527.1421101535744
489.5,426.1,0.2600461560581972,471.7,409.0,0.376087322838293,581.9,530.1,0.4505368461842018,551.1,504.4,0.42201062282768487,0,457.95406382361625,444.19513564405645,562.3295412548337,527.9455173785334
489.5,426.1,0.26116159278578716,472.7,409.0,0.3482126136867807,581.9,530.1,0.4519313965441594,552.0,504.4,0.41825636774645847,0,458.41816279653875,446.1042859708539,562.1210593772341,528.0667777766321
489.5,431.6,0.15661782609110017,472.7,414.7,0.34592713286736265,581.9,534.2,0.374568731945957,552.0,509.8,0.10338338504500313,0,459.3026179042717,448.7527804245245,562.947448354836,529.4514428677578
489.5,432.6,0.15941411291624263,472.7,418.1,0.217542606377672,581.9,534.2,0.2886307729434919,552.5,510.5,0.16054578920874493,0,459.10115242224555,448.8767126893163,562.635053972741,530.0266057289549
487.7,432.3,0.132436578133724,472.7,418.6,0.16035019209336074,581.7,534.2,0.25775493773113045,552.5,511.5,0.14431886952879694,0,458.8719571809306,449.22220715146904,562.6881303757161,530.1492927922861
487.7,432.3,0.12578412185795837,472.3,418.6,0.13390975498331287,582.7,534.6,0.06987959972103583,552.7,511.5,0.14337092955698688,1,459.045903316762,448.8470842006493,563.4667965456117,530.2756582915409
487.7,432.1,0.14179937803887768,472.0,418.0,0.17069549765512096,582.7,534.6,0.08142388104731864,552.7,511.5,0.2672419266184817,0,458.9814128445596,448.125978293725,563.824041910956,529.8111872057959
489.8,432.1,0.22918389100083336,472.0,414.9,0.23856084321667217,582.7,532.0,0.4063936863885866,552.7,507.9,0.25728356967109395,0,459.5391359609506,447.4484748873678,563.4973230312216,528.6853720751834
489.8,432.1,0.4025399937387918,470.9,414.3,0.6083486296081949,582.7,527.3,0.6792511402552946,552.7,507.9,0.30265183340001905,0,459.53719894371943,446.2093052498158,561.4552419260523,527.7676641132107
489.8,430.8,0.26986820650957677,469.0,411.6,0.5715098522248976,581.3,523.7,0.8262261941527913,549.1,507.9,0.2731606311256303,0,459.52055800269324,445.04108404479143,559.2288484834294,526.4966557568131
489.8,430.8,0.1689385083643603,470.8,411.6,0.3394579433164286,579.6,523.7,0.5918598938557119,546.9,507.9,0.30538239509838294,0,459.9196770895736,445.3309753155324,557.1933110207889,525.7695708346241
489.5,430.8,0.2741924023046334,470.8,411.6,0.8098972539140665,577.4,523.7,0.5252463289355128,546.9,508.2,0.2281951331378794,0,459.7166140715454,445.0226062375823,556.0745945481644,525.6093322863392
489.3,430.8,0.20655259339292645,470.8,411.6,0.7227755608317784,576.9,523.7,0.5278448522004744,547.8,508.2,0.2290173001126539,0,459.9714431934352,445.4929983374951,556.173720068544,525.9246866284827
489.3,432.3,0.24348227124359909,470.8,414.7,0.6882427562566199,576.8,526.5,0.33541697215090077,548.1,508.2,0.24501016499707093,0,459.81284034130346,445.92472673771226,555.7423695862288,526.1786012628836
489.3,423.9,1.2616177002790097,469.7,402.1,2.352992572800376,579.0,521.8,1.6420088779769912,548.2,508.2,0.5901291244271852,0,457.7422914604608,443.5064449733936,555.104894684978,526.2835856275973
489.3,422.5,1.2730824357756512,469.7,400.1,1.992905646848091,579.0,519.8,1.5672881195140709,548.2,508.5,0.5924595964875209,0,456.97242935595375,441.2941187092215,553.3241323816184,525.5070125049854
487.4,422.5,1.1803202869523954,469.2,400.1,1.9282454421655655,579.0,512.2,1.4471312618264809,548.2,504.3,0.5376893037552026,0,455.4539961605418,438.6613048507393,550.252062251204,523.2611514564336
487.4,422.5,1.1451644412709934,469.4,400.1,1.759349842939891,579.0,512.2,1.2605946434672741,548.2,504.3,0.5207833314932921,0,455.14024195553935,438.6996945337591,550.1556074529911,522.4616512813357
487.4,422.5,0.8263033231403638,469.4,400.1,0.5952496571429313,574.7,512.2,0.6656366829626016,544.7,503.9,0.47944117553225807,0,455.3867656708887,437.7621488314391,549.5745213581298,521.1716422239667
486.0,423.9,0.5295840071892206,469.4,401.0,0.6176193905128752,574.8,512.2,0.6561908091081432,544.7,503.9,0.2966100651832778,0,454.5083681357671,438.0818639400857,550.4623086497025,521.2144587100455
486.0,424.7,0.5292171167329235,469.4,405.3,0.6858692853217444,574.8,516.5,0.5889645079793293,545.3,503.9,0.21873819078111914,0,454.4964815887986,438.7982755976449,552.2954155973997,522.7555281870166
485.6,424.7,0.25806910353513496,469.4,405.3,0.7929869383752712,574.8,516.5,0.4447831819592649,546.7,503.9,0.23606899577306223,0,454.30580745581153,438.54949347353084,551.8765815336654,523.0872860185375
487.6,424.7,0.44829069674833805,471.8,405.4,0.3397060820902124,574.8,522.2,0.3274573555688407,546.7,506.7,0.25291047827557,0,455.84874338795754,442.0214431647192,552.6634364133134,523.6561795842551
487.6,425.1,0.43319530987176313,471.8,405.7,0.6832147737940929,575.1,522.2,0.24457976489181102,546.7,506.7,0.3131059301904409,1,457.178518232678,444.314092091879,553.127153945781,524.0537480483997
488.8,426.8,0.26710193830396844,471.8,408.7,0.7463221509838956,575.1,522.6,0.44879616211348194,546.7,506.7,0.2473592713485786,0,458.69515618171727,446.7385950158556,553.1922447979114,524.1160381486503
488.8,430.5,0.1217301131190566,474.5,415.4,0.3681185279864429,575.1,522.9,0.3939683749217538,545.6,506.7,0.23010965104491493,0,459.44165695600043,448.3349924633912,553.1906756731183,523.9375287771546
488.8,432.0,0.11270951023157655,474.5,416.4,0.281363071476625,579.1,522.9,0.3856878320303591,549.3,507.8,0.22236520406035862,0,459.75833014437563,449.0513978210629,554.8140813797894,525.134596123489
489.0,432.0,0.21786805872717888,474.5,416.4,0.4154132886886738,579.9,522.9,0.3554506698736013,549.3,507.8,0.20347436718010675,0,459.8797198959284,450.04663709266083,556.2017613628498,525.8993723798415
489.3,425.3,1.1597275756539838,474.5,408.5,1.6248959683876283,579.9,516.8,1.4586538336808073,549.3,508.9,0.6522965623631827,0,458.6116414600599,449.06815889314055,556.1407085548915,526.3407871180946
489.3,423.0,1.0730612336197913,474.1,406.0,1.5666931302020273,579.9,513.7,1.5042424520592035,549.3,488.7,3.2559344992768224,1,456.9354629543849,445.65766715785423,554.0556872102824,524.6749402631367
489.3,423.0,0.8528888533905375,474.1,406.0,1.2784597104864934,579.9,513.7,1.3094322274390577,548.3,488.7,3.319886688194537,0,455.91885057653474,442.99406780932003,550.9576416076765,520.7078392859381
489.3,423.0,0.9326737689478449,473.2,406.0,1.5120290255081394,577.5,513.7,0.793843632967711,546.5,488.7,3.333559433283919,0,455.0047244977777,440.34252013902505,548.7971563976648,519.2713304098952
485.5,423.0,0.4999828283365682,465.8,401.9,1.4867708083675155,574.9,507.4,1.662467261514892,546.2,488.7,3.381645596989228,0,454.20990959134406,437.9919262818448,547.2632418542646,518.9264416264917
491.6,425.9,0.33229787482625317,465.8,399.6,1.4956285543015717,574.9,504.8,1.6500930578046233,546.2,497.7,0.7534828211054,0,456.5492699006852,437.59820850487904,547.0895272234848,519.6591518120152
491.6,428.1,0.2732386567823199,466.9,399.6,1.510880437605561,574.9,504.8,2.1416676359908773,548.6,501.3,0.8808006161903025,0,457.89024420635985,438.3168524273889,547.2104408292622,522.870875249783
491.6,428.8,0.24633291675079655,466.9,399.6,1.621646763143673,577.3,504.8,2.304551043624151,553.3,501.3,0.9792954375338739,0,458.4278100007207,438.68128579998665,548.3737717483671,524.8637605712735
491.6,429.0,0.23223287383562663,467.5,399.6,0.6628795550526849,578.2,504.8,1.3896937741864186,553.3,501.3,0.13784888951688376,0,459.818738826198,440.9612465538397,551.5762790048161,526.0751045473986
490.1,429.0,0.12388754164397313,467.5,409.0,0.6111421238108576,579.8,519.1,0.27292704997892503,553.3,510.6,0.31243533509487365,0,458.7100279945984,442.7999494519336,555.7134485296464,528.2114061151856
487.1,429.0,0.14470798115851763,467.5,410.6,0.49533816002103837,579.8,522.3,0.5431448781285976,553.3,511.2,0.30288216791450623,0,457.7566552160612,442.36940861119535,558.5203404042192,529.1725572173727
487.1,429.0,0.1931155757611467,468.7,410.6,0.51678936868163,582.5,526.6,0.4623953325639283,551.0,511.2,0.19321988102895354,0,457.9793774406338,443.43358904570204,560.5787851495229,529.2363124530302
487.3,430.2,0.1522000133262811,468.7,412.2,0.5731170476287786,582.5,531.7,0.6720479402798829,555.4,511.2,0.39763659386543365,0,458.3645826265333,443.5468902350302,561.9276156434692,530.0488695086393
487.4,430.2,0.09614438583963994,468.7,412.2,0.6040950757447143,582.6,531.9,0.6137624387493958,555.4,511.2,0.30420582965789755,0,458.5677663775938,443.6428528752473,562.9695404002168,530.7568609620785
487.4,430.2,0.08768858141636458,468.7,412.2,0.610215050918254,582.6,532.2,0.7027195126096601,555.4,513.2,0.31719661865284027,0,458.7915799032964,443.9738591077607,563.3374948934728,531.2822386189874
490.0,432.0,0.1162386735637699,471.6,414.6,0.4428851473352407,582.6,534.1,0.5062526771500833,555.4,511.8,0.3040605276417185,0,459.45967200855955,444.8107012130239,563.1522152882096,531.2128307242506
490.0,432.0,0.22959672136445033,472.9,414.6,0.4091212209082602,582.6,534.1,0.47982366785160574,552.8,511.8,0.08103617140983765,0,459.87840124888953,446.2516623187777,562.6684667614766,530.3835523571661
490.0,432.0,0.2297871533622254,472.9,411.2,1.2462339124477573,581.9,520.2,2.1580865354755008,551.2,511.8,0.6585560790739537,0,459.24652249867523,446.23661967348363,560.5371721875008,529.6968879049116
490.0,432.5,0.28968784085007954,472.9,411.2,1.3409615632741663,581.9,520.2,1.92780470326486,553.0,511.8,0.8571519633793065,0,459.42176365623146,445.71780938409455,559.8512397116167,529.1005052682557
488.9,430.0,0.3197201991713214,472.9,411.2,1.33422631067075,581.1,520.2,1.8722695972747252,553.0,509.1,0.8642527255834231,0,458.3118936687628,444.00745876797095,558.672323410447,528.4698591216392
488.9,429.7,0.25427077064485787,472.1,411.2,1.368113203840011,581.1,520.2,1.4819758568191403,553.0,509.1,0.8652147571669923,0,457.89688031308276,443.2997182347912,557.9365930380593,527.7161001523834
488.5,429.7,0.22700835708082479,471.9,411.7,0.9308058222858153,579.2,528.9,0.16776127247346734,553.0,509.1,0.4316387943753095,0,458.32307112384757,443.68956770677215,558.2412070305647,526.9312672874541
488.5,429.7,0.2614102467915866,471.9,411.7,0.654797805110466,579.2,528.9,0.17051055037766175,547.8,508.0,0.19234650144182,0,458.1712098619215,444.78550967082253,558.612188792201,526.0972970170413
488.5,429.7,0.29058591961497326,471.9,412.1,0.8418620957716335,578.7,528.9,0.5340860591098218,547.8,508.0,0.10783805192672695,0,458.81930976855074,445.25024356437996,558.6039044784756,525.9100117696091
488.7,430.7,0.04463452107098903,468.9,415.2,0.3062976505247665,578.3,528.9,0.49824971236530186,547.8,507.8,0.21462396264094363,0,459.11604443570627,444.9542955729695,558.6347987852895,525.76680352575
489.2,430.7,0.04409355113359743,471.0,415.2,0.33433262673378683,579.3,529.0,0.42289892483732056,547.8,507.8,0.21813517885731817,0,459.69891347214013,445.6531112113451,559.5732811425294,525.8738201767575
489.2,432.7,0.052587199034729165,473.8,415.2,0.5125415413292136,579.5,531.6,0.251384151540981,547.8,507.8,0.23138892296796035,0,460.09474990434046,446.99102196397695,559.9183010451114,526.2718063497005
491.2,432.7,0.09583103675692843,476.3,415.2,0.4481542336264303,579.9,531.6,0.26126429812295976,550.1,507.8,0.23681919095396844,0,460.8024718103071,449.1801027145567,560.4597753229946,526.7731699381466
491.2,433.4,0.10530088041046054,476.3,417.9,0.31592818248593363,579.9,532.1,0.11656613549095789,550.1,507.5,0.23436282369111508,0,461.1868339705063,450.35333211899746,560.7475149992761,526.7286054538137
491.2,433.4,0.10709464076206676,476.3,418.4,0.5087004133949297,579.9,531.1,0.11461949814519659,550.1,507.5,0.22984411379723543,0,461.2710447999994,450.43492931212694,560.1159984513079,526.4362798358832
491.2,433.8,0.15462150400351346,476.3,419.0,0.6474502184946177,579.9,530.3,0.32655402444278264,550.1,507.5,0.1900703504357859,0,461.40320893486796,450.69234436627926,559.7631408850491,526.6126080252457
490.9,433.7,0.18496732450232053,475.7,419.0,0.6110184217246235,579.4,530.3,0.332215851686142,549.4,506.8,0.1960181431141878,0,461.1138065361913,450.05141281127516,559.1744648097803,525.7932045926568
490.4,432.8,0.17346229358459475,475.7,417.8,0.6098186752566908,579.4,530.3,0.3339216591797107,549.4,506.8,0.2087082082575909,1,460.58126708197466,449.5632768175221,559.2254285612187,525.8775205140771
490.4,432.3,0.1253028301414368,475.7,417.8,0.4317558942256203,580.3,530.3,0.36719139941022133,549.4,506.8,0.2390764381113188,0,460.4300401234493,450.03829252761847,559.9936386575739,526.4534751642657
494.6,432.3,0.5308904253378309,473.4,401.7,0.6130479303931424,580.3,509.6,2.0272402880753777,548.7,504.5,0.30884606416413746,0,461.3578703121285,447.07539944585744,557.8667518651212,525.3656606988568
494.6,432.3,0.5351378181345403,473.4,401.7,0.6597308467802667,580.3,509.6,1.9704321940214784,549.5,504.5,0.2761693634112228,0,461.5872819567472,445.9814861272228,557.3319124277539,525.9072528513964
494.6,432.3,0.563563626954232,473.8,401.7,0.5811050523171907,580.3,509.6,1.829169581486028,549.5,504.5,0.13380806135844456,0,462.0056317995795,446.00459753015116,556.7578967937063,526.1569292100696
494.6,432.2,0.5787812198651798,473.8,401.7,0.8984489891049472,578.4,509.6,1.7901107191973478,549.5,504.5,0.32966826359742696,0,461.74010251677333,445.064217532239,555.5221221825778,526.0589210672572
490.9,430.8,0.31426671285182195,473.8,410.8,0.784669895685945,578.4,524.4,0.5832309433577293,549.5,506.7,0.25864458449870037,0,460.52559332470753,446.8877545423986,556.8366637887704,526.368034032908
490.0,430.8,0.4146413442192848,473.8,414.9,0.6769906623292642,578.4,525.5,0.4799041273262094,548.6,506.7,0.2424500403955708,0,459.8917973066008,446.3822453888514,556.7120889179616,525.8590041687089
489.6,430.3,0.37821604421689814,471.6,413.2,0.5665601947971904,577.3,525.5,0.46912944273948165,548.1,506.7,0.27522253985908846,0,459.7786256121673,446.06806070659655,556.4450844157935,525.2955936207723
491.1,430.3,0.3365243459672665,473.6,413.2,0.2793841528966238,577.3,525.5,0.35333687831533533,546.7,506.7,0.07170942198501555,0,460.64433194656533,447.08805875641576,556.5834223346869,524.8620755473399
491.1,430.3,0.3319046514479742,476.2,413.2,0.3076289847191108,577.5,525.5,0.32697074779669266,547.6,507.5,0.0374025958038902,0,461.2887939688198,448.41444312990393,556.9033933071108,525.4440789338905
491.1,430.3,0.19041109443388915,476.2,413.2,0.49220606802146144,577.5,527.6,0.2208419754349218,547.6,507.5,0.04719982882702587,0,462.0531518243091,450.1238719705816,556.9138221375454,525.8411995779813
491.1,434.8,0.19292484527110917,476.2,418.8,0.4739444164620835,577.5,527.8,0.27266913027419576,548.0,509.2,0.18595658522434094,0,462.63510330952164,451.2982830627576,557.017063827042,526.4391278843859
491.1,434.5,0.16800912491651035,476.2,419.4,0.5606335628106038,577.5,526.6,0.2727636787134063,548.0,507.3,0.20870633593161003,0,462.27403755893386,450.9799419815831,556.5573487354701,526.0250377793317
491.1,434.5,0.024817669880873888,474.9,419.4,0.15964517853417515,576.9,526.6,0.18539312118576617,548.0,507.3,0.20021096047767167,0,462.1828316930642,450.8993072907556,556.5323409516728,525.7775208106536
491.1,434.5,0.03272513871359944,474.9,419.4,0.3504624796540375,577.3,526.6,0.1985962851168282,548.0,507.3,0.19471878491225272,0,461.79884707192895,450.73794268350406,557.0478872217642,525.3456336957928
490.8,434.3,0.09153305638539655,474.2,419.4,0.3146811278261064,578.3,526.6,0.18625421490436003,547.1,507.3,0.16971428394940646,0,461.53176613961625,450.2882899355898,557.4727598243272,525.0840045137165
490.8,434.3,0.1733859173417607,474.2,420.8,0.48480651724952045,579.3,528.8,0.13047605306295199,548.1,507.4,0.19185383615597465,0,461.4287849250554,449.52665454191794,558.6433350742948,525.8477153954202
490.8,406.2,3.251518134101226,475.3,388.6,5.368694773745172,580.4,481.1,7.154852499777054,548.1,496.1,0.43330939077451297,0,457.7519789111207,445.4478795347876,555.0204548233066,524.868686242505
490.8,406.2,3.070778097467599,475.3,388.6,5.0552249869448085,580.4,481.1,6.744660996821949,553.7,496.1,0.4795173858960464,1,456.18697574330577,441.02253998461725,550.4935830406189,524.9732617552951
492.3,406.2,2.851149504051868,475.3,388.6,4.6758347172339745,580.4,481.1,5.966087873378712,553.7,496.1,1.412163085110479,1,456.2791772311383,437.4181736794015,545.3848648777137,523.4467045746117
492.3,406.2,2.6389227730418154,475.3,388.6,4.163731921161679,580.4,481.1,5.263054567224087,553.7,496.1,1.39458495748722,1,456.29159553179187,436.30877403782443,542.6988607663917,522.4210293690455
492.3,430.7,0.7460834320094292,465.4,396.8,1.7032659671768882,574.8,498.8,2.274318629012075,553.7,505.8,1.4545609426303907,0,459.12754679249883,437.60831827985874,545.4224217776383,523.5761641862731
492.3,429.2,0.5853940690084727,465.4,396.8,0.9781430592087678,575.3,498.8,1.6530996123014514,551.5,505.8,1.3558760519747508,1,459.64836375940473,439.61118579080727,548.9336965530232,523.7411829230107
489.8,429.2,0.23638961752895274,467.9,409.8,0.6034520349839191,575.3,515.0,0.7703725870441224,551.5,508.0,0.7605594957436923,0,458.80693156597204,441.3810134658635,552.8052698941895,524.8626859222068
489.9,429.2,0.2217527216042617,469.9,410.1,0.6067040179556856,575.5,523.1,0.2336994687750422,551.5,507.8,0.8680874578375023,0,458.859772475063,442.5875090670365,554.4409716118266,525.1112762028939
490.0,429.2,0.2818659006337602,471.0,410.1,0.4821280305287973,575.5,524.9,0.5240739043974795,550.1,507.8,0.4394249768937049,0,459.5618291251794,444.55234414499097,554.36116784218,524.6638409541667
490.0,429.8,0.3416588155315638,471.0,410.1,0.5014022153992375,575.5,524.9,0.5225978894092952,549.9,507.8,0.5673565767278128,0,460.4635710690645,446.4490663555268,554.3429445448073,524.6260570994523
490.0,410.2,2.1221359309094323,471.0,343.6,1.6210230801884755,575.5,432.6,4.686435532564337,549.9,435.6,4.988843214960863,0,456.88305339804134,435.48498485581626,539.1297646912215,514.690932709511
490.0,410.2,2.1272008298442713,471.0,343.6,1.8055951018239713,574.4,432.6,4.529738379065163,549.9,435.6,4.635128100281441,0,452.5769166690148,428.66566667399815,530.0401302902526,509.7669150872619
489.0,410.2,1.802709530542983,470.9,343.6,1.4424574462733926,574.4,432.6,3.771771795664015,549.9,435.6,4.443372569212521,0,448.6572024940494,421.8742418152587,523.3298818745563,505.7146638931808
481.8,409.9,1.0243149636721778,449.2,343.6,0.8947971498280533,553.8,432.6,2.5432263462825393,534.2,435.6,4.1588174881873,0,444.10833527566336,414.68884410296096,515.3669808677564,499.10719776066276
477.5,409.9,0.23156470563123488,451.3,381.4,0.633231914395295,553.8,479.9,0.9065955624370945,534.2,481.9,0.5417250467239528,0,443.7773181559534,420.9911150378621,523.886800145482,504.68955134950295
477.5,409.9,0.17879013692216844,451.3,381.4,0.3710952342343292,553.8,479.9,1.3009537062966494,534.4,481.9,0.7084112567550422,0,444.39000940072566,422.5389091555091,526.3884199466713,506.2176963802912
479.0,409.9,0.49582173741293845,456.9,381.4,0.29158068195865705,559.5,479.9,1.341836909026796,537.6,481.9,0.7386111999488141,0,445.1360871210143,425.0954663630041,528.5430486792458,507.42389748107985
481.2,412.9,0.5357921507047959,456.9,392.0,0.5510582209139835,560.1,494.8,0.6047128793955936,539.7,493.3,0.23567142261651083,0,447.2898443922994,428.2483391816186,532.0961594671886,511.25761244670656
483.1,414.2,0.5679242088598446,460.9,393.6,0.4922547626324713,563.0,497.7,0.6417127422783067,539.7,495.2,0.2773785154936194,0,449.7385157327885,431.0925779869773,535.4178986310216,513.596200416308
483.5,416.8,0.274669521699814,462.5,395.2,0.49062958237706317,563.8,500.8,0.7231845533412239,540.7,497.5,0.2985265180047154,0,451.49860912584336,434.0796081504804,538.2599265497504,515.3198446769941
483.5,422.3,0.29438703100785585,463.1,401.9,0.25171815897033994,563.8,506.3,0.38637572427372285,540.7,499.2,0.6585345300007441,0,452.5733171903939,435.79950340499914,539.789932297978,515.9134239599559
483.5,425.1,0.2960861635080026,463.1,404.2,0.37579866158408903,564.3,510.6,0.22174244174429106,540.7,499.3,0.49816792725954856,0,453.01144516501046,437.1215486191715,541.191001837904,516.4813483385915
483.5,425.7,0.25223324380847345,463.1,405.7,0.4608551029229039,566.2,511.7,0.18362714551042814,540.7,499.3,0.47722158877941634,0,452.81273696961114,437.1664641611459,542.1324080215895,516.7876354746581
482.4,425.5,0.16029850838359488,464.0,406.0,0.5401509246553721,568.7,512.2,0.23904228260063834,542.5,499.3,0.47103390001759876,0,452.55150135684795,437.3702616748675,543.5845323150278,517.2787709399649
482.4,425.4,0.1881604617529887,466.4,406.4,0.7679138585342902,568.7,512.2,0.19659886975614682,542.5,500.8,0.27834565215063345,0,452.51125333538164,437.8786325951206,544.7170966826278,517.7679023166902
482.4,425.4,0.07406541181441971,466.4,406.4,0.7276818491250957,568.7,514.3,0.44342534996815314,542.5,497.6,0.5226406787029605,0,452.0660729544595,438.1142241384385,544.8299599644995,516.9830309707303
483.5,423.4,0.2191797191621947,466.4,397.8,0.6730399755497011,568.7,503.1,1.103122011438477,542.5,495.7,0.7086119908160275,0,451.500778861164,437.36794602460975,543.4398085711057,516.2573231938292
483.5,423.4,0.2194211597003717,466.4,397.8,0.7621439196237034,567.8,503.1,1.1331593924191317,539.1,495.7,0.5512325251970385,0,451.784789499684,437.50489426231127,541.6089438128997,515.5027694583409
483.5,423.4,0.29111296848675566,467.0,397.8,0.6920882746887861,567.1,503.1,1.151154808265597,540.1,495.7,0.6400239082493604,0,452.11432947824323,438.3300423310491,540.2715084271249,515.5819742920688
483.5,423.4,0.5279481831478885,467.0,397.8,0.7837762633262675,567.3,503.1,0.9547975342641687,541.9,495.7,0.6391012454057693,0,452.82781053227353,439.74733293950624,540.9383436036183,516.8268421096387
483.8,426.4,0.36685534461888325,468.3,405.6,0.3077574403805934,567.4,510.1,0.3304476991649744,542.5,500.9,0.10146288014605949,0,453.80662703453265,442.38288743055256,542.5726569951447,518.1713150592757
483.8,426.4,0.29403729436158255,468.3,409.9,0.31155318938315707,567.4,511.3,0.3493001953231533,542.5,501.5,0.3191305459505723,0,453.80371962652805,443.5618553517746,543.9841624616522,518.8267882857514
483.8,427.2,0.2655323587975954,468.3,412.2,0.3666838008956683,567.4,512.2,0.5563877281654216,542.9,502.0,0.31673101821710253,0,453.82482999813703,443.74524488115793,545.4045038732824,519.4661188285338
483.8,427.2,0.17550486293674628,468.3,412.2,0.722473864168428,569.1,515.2,0.3001983857968186,542.9,502.0,0.33002188165187807,0,453.4767211123915,442.6556241756134,546.0076525155594,519.4653448620963
482.6,425.6,0.08236264213082921,467.5,409.6,0.5563612481356901,569.1,515.2,0.3066959917027821,542.9,502.0,0.3225722182323179,0,453.15568236355864,442.0347301513371,546.4802388834398,519.5027888396874
482.6,425.6,0.07753936900364818,467.5,409.6,0.49817466724093784,569.4,517.9,0.14391211368007692,542.9,502.2,0.3073753035048993,0,452.96305795405885,441.1824797792411,547.2498087080693,520.0772857011383
481.5,425.6,0.715852651848196,464.7,409.6,1.6251150048589091,571.4,519.2,1.1521460277162512,541.5,502.2,2.7520328838569466,0,452.5886507761054,441.0978490913538,547.7538236087315,520.3581177882991
